,date,p_(mbar),T_(degC),Tpot_(K),Tdew_(degC),rh_(%),VPmax_(mbar),VPact_(mbar),VPdef_(mbar),sh_(g/kg),H2OC_(mmol/mol),rho_(g/m**3),wv_(m/s),max._wv_(m/s),wd_(deg),rain_(mm),raining_(s),SWDR_(W/m�),PAR_(�mol/m�/s),max._PAR_(�mol/m�/s),Tlog_(degC),OT
0,2020-01-01,143995.11,-73.53,38911.17,-367.4,12359.39,852.53,724.57,127.92,448.47,719.56,183646.64,112.01,208.29,24761.0,0.0,0.0,8250.91,13710.98,14184.91,1700.23,62198.0
1,2020-01-02,144151.34,-152.11,39171.48,-606.97,11549.67,842.84,649.92,192.92,404.63,649.39,184274.65,168.97,307.23,23796.08,0.0,0.0,9570.44,13946.31,14439.75,1627.72,63975.9
2,2020-01-03,143107.62,696.28,40102.71,288.98,11804.4,1255.87,1024.45,231.49,643.0600000000001,1031.05,178860.34,565.51,879.31,27744.09,0.3,2070.0,1665.99,3622.4,4313.68,2060.66,61750.3
3,2020-01-04,143747.17,545.03,39900.18,113.15,11649.58,1157.51,933.94,223.68,583.3,935.58,180376.0,325.68,676.13,35782.8,4.8,6020.0,1157.79,2714.67,3110.59,2011.8,60528.3
4,2020-01-05,145023.17,393.84,39648.45,-146.68,11004.86,1072.29,818.25,254.14,506.35,812.37,182725.22,257.98,404.99,31724.0,0.0,0.0,4572.03,9396.1,11097.82,2007.11,60470.6
5,2020-01-06,144181.66,380.75,39701.44,5.850000000000001,11971.3,1071.59,885.25,186.35,551.13,883.92,181694.48,224.93,346.08,26425.0,0.0,0.0,2752.1,5684.21,6380.47,2114.42,62275.1
6,2020-01-07,143914.84,351.43,39692.99,31.26,12279.1,1057.74,899.72,157.96,561.18,900.02,181485.68,216.4,354.11,28225.48,0.3,1620.0,2916.67,6141.69,7254.79,1956.23,62677.4
7,2020-01-08,143833.17,696.1,40044.45,354.97,12217.42,1246.4,1056.66,189.76,659.86,1057.95,179744.36,335.95,548.61,25018.51,3.2,15830.0,1409.24,3113.51,3479.52,2245.52,62249.6
8,2020-01-09,142837.67,1089.58,40518.88,911.92,13252.3,1514.2,1384.61,129.66,871.82,1396.39,176616.1,403.35,592.11,27614.5,5.2,39320.0,1281.69,2879.11,3169.68,2554.86,63044.9
9,2020-01-10,142691.25,1199.26,40640.62,722.62,11479.9,1589.25,1264.9,324.34,797.14,1277.1,176008.22,494.37,795.41,31676.8,1.0,6630.0,2220.52,4793.02,6058.64,2581.13,60869.8
10,2020-01-11,144587.19,487.93,39776.65,-105.7,10747.51,1127.64,835.59,291.98,518.83,832.21,181739.79,279.13,472.36,33689.8,0.1,460.0,6363.77,12746.49,16973.92,2095.97,60535.8
11,2020-01-12,143661.75,323.14,39684.97,-182.86,11193.85,1040.93,803.19,237.88,501.83,805.1,181343.8,424.09,703.12,27639.8,0.0,300.0,5777.25,11532.79,13593.78,1817.34,61433.6
12,2020-01-13,143193.21,580.99,39980.28,236.05,12147.5,1175.97,990.99,184.96,621.53,996.59,179487.7,421.42,647.91,27138.42,0.0,0.0,3684.49,7912.15,9039.18,2075.22,61734.9
13,2020-01-14,142144.4,1049.7,40534.83,199.42,9631.09,1487.99,973.31,514.72,614.89,986.03,176119.3,596.5,896.65,27084.8,0.0,0.0,4643.07,9614.11,10889.55,2352.72,61560.6
14,2020-01-15,142631.06,1425.44,40872.06,223.51,8107.65,1766.27,984.99,781.25,620.13,994.45,175083.28,567.14,820.05,28359.4,0.0,0.0,8989.98,17628.15,19811.54,2760.75,61298.5
15,2020-01-16,144032.84,1230.0,40562.46,598.54,10765.94,1622.3,1185.8,436.45,739.68,1185.52,177573.97,264.0,410.19,28510.59,0.2,1230.0,7158.97,14463.9,15424.71,2762.56,61635.0
16,2020-01-17,143035.05,704.55,40116.74,274.82,11705.43,1255.02,1010.83,244.17,634.72,1017.76,178732.86000000002,234.77,403.96,26368.42,0.0,0.0,7633.98,15207.87,16235.88,2310.81,63171.0
17,2020-01-18,143571.93,679.34,40048.43,38.61,10511.02,1236.13,899.78,336.29,562.78,902.6,179567.26,239.77,409.01,31836.7,0.0,0.0,4829.99,9755.02,11180.47,2255.79,61012.2
18,2020-01-19,145057.01,361.35,39613.46,27.8,12202.5,1056.66,892.87,163.75,552.57,886.24,182881.46,202.27,370.35,33036.04,1.0,4990.0,4686.33,9532.42,10447.88,1983.25,60944.7
19,2020-01-20,146652.58,343.15,39471.47,-126.05,11433.06,1050.06,827.44,222.71,506.42,812.45,185019.22,107.74,192.98,27667.04,0.4,0.0,4785.28,9980.69,11724.1,2088.76,61510.2
20,2020-01-21,146050.99,-191.3,38985.92,-552.06,12108.55,820.6,665.13,155.48,408.7,655.83,186877.59,133.7,236.66,26384.42,0.0,0.0,10677.69,18171.78,18851.69,1645.67,63535.7
21,2020-01-22,145118.73,-194.9,39053.58,-410.3,12913.7,814.49,728.9,85.55,450.72,723.3100000000001,185664.03,127.25,239.41,23453.47,0.0,0.0,3798.97,8252.11,9528.15,1590.4,64243.7
22,2020-01-23,144763.87,113.44,39388.75,-148.51,12675.01,936.93,819.77,117.16,508.1,815.18,183697.49,115.26,194.59,24709.12,0.0,0.0,4743.6900000000005,9864.48,10855.41,1937.05,63746.0
23,2020-01-24,143529.32,-243.17,39128.62,-536.81,12473.61,796.5,671.89,124.47,420.05,674.19,183882.23,156.49,263.66,26657.16,0.0,0.0,10908.83,18877.39,19518.67,1556.18,64037.7
24,2020-01-25,143316.52,-389.58,38998.6,-583.27,13025.7,721.86,651.57,70.22,407.96,654.71,184284.21,138.03,228.43,30756.84,0.0,0.0,4417.31,9177.25,9742.84,1439.68,63734.6
25,2020-01-26,142870.01,-172.74,39250.82,-403.3,12809.3,827.48,730.66,96.76,459.17,736.66,182683.96,141.41,242.99,25712.45,0.0,0.0,4881.7,11225.28,11693.78,1587.37,66291.4
26,2020-01-27,141789.09,660.1899999999999,40173.03,293.5,12102.2,1239.02,1022.64,216.39,647.99,1038.85,177375.73,416.02,649.76,27257.84,0.0,740.0,6687.47,13527.99,15736.86,2139.06,63389.1
27,2020-01-28,139803.54,661.47,40336.27,127.61,11081.8,1227.57,947.77,279.8,608.84,976.34,174900.28,459.45,817.24,29161.77,0.1,7960.0,5275.05,10654.24,14015.84,2114.96,60534.5
28,2020-01-29,140998.06,459.81,40035.33,-227.07,10220.9,1109.41,783.67,325.75,498.83,800.33,177364.91,466.8,822.44,32173.2,0.0,80.0,4304.81,8749.98,11381.85,1883.03,60440.8
29,2020-01-30,141620.84,806.28,40333.29,112.33,10251.1,1320.78,934.48,386.34,592.63,950.45,176551.32,644.5,998.74,29460.1,0.2,0.0,5161.34,10695.52,12392.1,2129.64,60420.8
30,2020-01-31,141208.42,1643.18,41208.23,937.73,10389.0,1953.11,1399.39,553.65,891.04,1427.15,172217.44,481.15,887.92,32750.9,0.2,230.0,7374.26,15177.4,17664.24,2903.75,60378.6
31,2020-02-01,141019.36000000002,1601.04,41181.8,999.62,10883.53,1911.95,1442.67,469.34,919.99,1473.26,172142.97,584.04,939.05,30415.65,1.5,9120.0,4326.4,9362.16,11888.22,2865.22,60400.3
32,2020-02-02,141369.91,1113.29,40662.1,590.33,11292.33,1526.74,1193.08,333.71,758.61,1215.68,174773.85,384.11,688.69,30358.39,3.5,19120.0,2940.83,6512.16,7383.38,2501.65,60546.3
33,2020-02-03,141594.53,1372.15,40903.74,571.47,9843.92,1718.98,1170.23,548.81,742.58,1190.11,173945.47,359.73,738.62,34321.5,0.3,2720.0,6835.2,13924.29,17734.93,2747.52,60400.4
34,2020-02-04,141495.24,520.89,40056.67,146.06,11983.9,1143.88,951.08,192.75,603.96,968.36,177642.87,309.67,659.1,37224.5,15.2,28000.0,7528.12,14622.94,21125.1,2074.07,60538.2
35,2020-02-05,144426.06,275.73,39577.7,-398.06,10280.96,1016.23,719.51,296.78,447.2,717.59,182568.69,245.87,548.29,29426.45,0.0,250.0,9130.36,17745.38,25073.3,1871.78,60983.0
36,2020-02-06,144579.61,309.68,39599.26,-244.17,10907.0,1036.41,779.3100000000001,257.08,483.82,776.25,182580.12,152.11,312.63,32604.9,0.0,0.0,2526.98,5582.77,6060.62,1925.11,61750.1
37,2020-02-07,144320.09,508.72,39818.47,-97.3,10644.53,1135.44,837.71,297.82,521.07,835.78,181304.65,245.33,388.01,26818.94,0.0,0.0,3397.57,7325.65,7753.87,2217.93,61782.5
38,2020-02-08,143564.99,542.34,39912.03,-181.49,10198.82,1180.92,804.02,376.87,502.7,806.55,180244.15,325.97,519.87,25626.4,0.0,350.0,11957.72,23151.74,24288.2,2150.59,61663.0
39,2020-02-09,141971.5,1239.91,40741.6,234.96,8937.98,1648.83,995.25,653.64,630.07,1010.22,175100.76,871.56,1355.28,28293.9,0.0,0.0,10613.26,20657.87,25401.66,2525.31,61394.5
40,2020-02-10,139596.61,1034.65,40730.23,366.43,10485.44,1484.27,1066.79,417.38,686.92,1101.1,172983.73,821.26,1449.2,32068.7,16.6,9360.0,8306.84,16435.69,25501.89,2338.78,60355.5
41,2020-02-11,140418.97,558.17,40181.74,-310.15,9383.74,1164.72,754.86,409.86,482.65,774.41,176215.65,602.19,1232.38,33919.3,3.3000000000000003,4210.0,11794.19,22792.24,30546.32,1902.49,60264.8
42,2020-02-12,141874.96,502.3,40007.12,-430.61,9029.92,1133.68,705.9,427.81,446.43,716.47,178318.79,471.9,972.88,33188.2,0.1,340.0,12006.22,23160.84,31688.79,1883.02,60343.9
43,2020-02-13,141637.16,433.36,39957.63,-152.5,10757.31,1098.46,817.76,280.81,518.58,831.87,178282.82,483.72,758.74,27641.77,0.4,1420.0,4672.62,9564.7,10490.53,1860.13,60810.4
44,2020-02-14,142565.42,759.38,40209.45,277.37,11411.6,1286.49,1011.53,275.1,637.11,1021.64,177893.09,265.6,468.39,33361.02,0.1,2910.0,6703.01,13889.0,17512.48,2305.69,61162.4
45,2020-02-15,143309.13,857.31,40248.0,195.49,10517.68,1366.83,972.92,393.91,609.78,977.83,178427.79,357.45,555.55,27594.7,0.2,0.0,10823.74,21388.42,24150.22,2370.72,61385.7
46,2020-02-16,141762.69,1829.26,41349.58,323.19,7171.76,2154.75,1036.33,1118.35,656.62,1052.72,172304.48,929.29,1410.4,27671.6,0.4,50.0,6273.84,13059.66,15928.92,2917.94,60523.1
47,2020-02-17,142251.38,1286.36,40763.86,382.64,9419.39,1666.72,1070.98,595.72,676.34,1084.29,175183.09,634.32,1022.03,31188.8,0.0,2340.0,5025.17,10712.39,12154.59,2671.22,60466.8
48,2020-02-18,143119.7,879.23,40284.83,72.72,9772.0,1359.96,916.72,443.33,575.18,922.5,178099.13999999998,611.34,1014.23,30568.7,2.1,2150.0,11574.45,22577.77,36466.54,2267.61,60564.3
49,2020-02-19,142618.29,692.79,40138.36,-47.34,10019.5,1242.35,862.24,380.18,542.9399999999999,870.81,178327.52,498.66,861.54,33039.6,3.9,5710.0,8256.32,16389.36,23668.7,2136.7,60677.6
50,2020-02-20,142750.13,645.38,40080.49,36.29,10676.73,1228.59,906.31,322.28,570.24,914.52,178700.6,-9487.07,778.52,27976.1,1.4,3730.0,7425.33,15578.38,18013.670000000002,2051.11,-293261.6
51,2020-02-21,143409.06,753.4,40135.64,-82.0,9622.96,1282.67,847.37,435.33,530.7,851.25,179054.68,527.74,935.02,33286.1,2.3000000000000003,7110.0,13716.48,26709.27,37659.78,2209.42,60542.4
52,2020-02-22,143116.54,1145.52,40552.11,6.52,8359.36,1564.97,889.96,675.13,558.33,895.51,176955.39,760.93,1188.68,29695.6,10.7,0.0,8133.8,16322.59,22468.9,2429.09,60483.8
53,2020-02-23,142047.44,1408.57,40903.41,753.54,10565.4,1756.59,1289.15,467.56,816.12,1307.54,174302.18,572.41,1121.38,33328.0,10.1,11230.0,3831.54,8703.65,11606.93,2697.54,60344.8
54,2020-02-24,142478.75,743.42,40201.11,54.57,10289.86,1284.15,920.25,363.83,580.81,931.32,177915.0,437.8,733.25,30285.5,0.4,3650.0,6000.42,12644.0,14600.39,2166.13,60671.6
55,2020-02-25,140153.24,1163.37,40813.14,493.77,10516.86,1569.15,1140.73,428.36,731.11,1171.66,173077.23,548.62,879.04,31132.9,2.2,2460.0,8458.32,17148.43,24172.92,2568.65,60375.2
56,2020-02-26,139760.59,319.11,39994.49,-35.05,12069.9,1033.17,864.74,168.42,555.46,891.0,176390.12,363.08,676.96,33633.3,4.2,15380.0,7782.47,15765.61,21599.99,1851.33,60765.8
57,2020-02-27,140456.78,300.2,39918.66,-209.84,11225.3,1027.2,791.09,236.07,505.65,811.23,177394.06,355.99,593.68,26914.61,1.9,19110.0,8632.83,17661.74,21130.32,1885.02,60949.4
58,2020-02-28,142088.24,340.35,39827.22,-195.22,11104.93,1047.79,797.41,250.32,503.81,808.26,179271.77,422.1,714.04,32543.4,0.8,5270.0,10411.05,20843.61,31741.89,1878.33,60821.2
59,2020-02-29,140194.07,908.83,40554.17,342.15,11048.78,1409.91,1052.66,357.24,674.91,1081.97,174291.64,617.62,925.04,27405.5,1.6,9040.0,9416.65,18749.19,21354.41,2293.22,60533.9
60,2020-03-01,139853.35,1063.2,40737.25,131.69,9261.24,1491.77,941.54,550.25,604.53,969.47,173225.85,739.89,1109.18,29410.6,0.1,250.0,16771.45,32499.8,47237.97,2408.04,60518.4
61,2020-03-02,139238.9,978.28,40702.88,36.53,9219.33,1436.09,899.0,537.15,579.65,929.65,172850.22,461.69,752.97,25681.11,0.3,1540.0,19975.47,38319.63,42871.8,2547.35,60505.7
62,2020-03-03,140217.17,660.84,40301.88,61.36,10811.92,1226.7,912.07,314.64,584.21,937.01,175439.11000000002,274.44,512.23,33659.68,4.1000000000000005,15110.0,10475.48,21169.47,28257.85,2261.27,61328.3
63,2020-03-04,141733.4,301.14,39816.38,-126.9,11705.19,1040.22,827.57,212.64,524.04,840.74,179000.42,294.96,475.84,28807.36,0.0,0.0,12906.86,25308.86,35085.1,1958.62,62198.9
64,2020-03-05,140356.85,608.8,40238.7,-47.39,10790.06,1228.78,864.06,364.69,553.02,886.97,175904.16,354.83,581.16,25628.7,2.8000000000000003,12100.0,17679.26,34695.87,39740.3,2243.02,61697.6
65,2020-03-06,139221.62,798.12,40522.58,352.34,11645.34,1311.8,1052.42,259.45,679.26,1088.87,173529.24,464.32,773.2,31000.3,1.7000000000000002,8440.0,8085.51,17016.19,20983.94,2314.14,61688.1
66,2020-03-07,142206.01,579.42,40057.85,59.88,11223.37,1176.99,908.63,268.36,573.93,920.31,178290.6,324.17,623.89,36543.9,5.0,16020.0,10277.27,20522.01,33554.61,2117.39,61003.7
67,2020-03-08,142565.94,696.51,40146.6,84.58,10718.66,1266.83,923.16,343.61,581.55,932.76,178239.78,389.99,617.6,27165.0,0.0,0.0,12573.63,25360.99,28768.72,2234.15,61430.0
68,2020-03-09,141946.9,1024.32,40525.52,372.83,10616.0,1465.39,1063.01,402.37,672.74,1078.55,175938.76,255.22,433.79,31922.5,1.2,11080.0,11917.85,23972.99,34718.88,2667.25,61088.8
69,2020-03-10,141446.19,867.62,40409.28,420.79,11596.99,1364.13,1099.21,264.92,698.48,1119.5,175990.79,770.03,1130.05,29185.8,1.1,14880.0,6003.18,13203.46,14899.58,2131.36,61138.0
70,2020-03-11,141722.6,1404.75,40926.01,1195.4,13070.0,1748.9,1583.64,165.18,1005.09,1609.18,173775.18,271.13,501.32,29416.49,13.3,46980.0,6530.2,14505.78,17607.87,2899.18,60604.2
71,2020-03-12,141560.54,1487.15,41022.31,600.1,9591.79,1824.86,1224.92,600.09,777.91,1246.36,173398.47,547.37,929.99,32553.7,0.7999999999999999,1470.0,13947.26,28253.05,47674.45,2856.12,60316.2
72,2020-03-13,142357.99,865.56,40332.71,-82.16,9198.72,1362.14,846.11,516.05,533.51,855.8100000000001,177251.43,504.43,939.4,34153.1,1.2,2240.0,18653.11,36069.84,54181.81,2316.36,60518.4
73,2020-03-14,143438.41,731.55,40111.4,-201.21,9250.6,1277.52,797.0,480.5,498.8,800.19,179220.48,258.79,442.41,22112.12,0.0,0.0,24279.24,45874.11,53710.56,2477.93,60637.8
74,2020-03-15,142980.29,947.37,40364.72,-522.21,7298.74,1459.86,673.62,786.15,422.75,678.38,177787.83,466.03,707.37,27011.0,0.0,0.0,24887.7,47370.42,51246.09,2450.04,60954.5
75,2020-03-16,142990.7,1367.78,40784.57,106.81,7934.04,1798.58,963.31,835.25,604.79,969.53,175832.47,242.6,418.12,26937.46,0.0,0.0,23147.08,45047.42,48729.49,2962.95,61339.0
76,2020-03-17,144152.19,1222.78,40545.47,794.14,11786.19,1623.17,1311.31,311.88,817.5,1309.7,177696.92,164.2,281.15,25840.42,0.8,1580.0,10519.08,21398.84,27288.57,2896.47,64211.8
77,2020-03-18,144082.59,1333.71,40662.45,651.19,10914.6,1811.94,1229.18,582.73,766.77,1228.7,177240.34,274.4,451.4,30347.0,0.0,0.0,23957.94,47128.16,54939.72,3053.38,63231.1
78,2020-03-19,143726.92,1560.23,40917.56,751.17,10096.33,1925.32,1278.37,647.0,799.4,1280.79,175742.46,254.77,421.01,14238.31,0.0,0.0,22725.56,44269.66,52902.26,3175.49,62948.4
79,2020-03-20,143638.82,948.38,40312.3,640.09,12440.76,1409.51,1221.84,187.6,764.53,1225.14,178300.86,493.22,737.4,6002.77,0.0,2490.0,3369.98,7664.519999999999,8614.06,2320.91,62291.3
80,2020-03-21,144114.92,468.04,39793.96,-269.86,10106.24,1112.76,781.1,331.59,486.62,780.77,181258.71,643.55,979.52,6965.29,0.0,610.0,8504.23,17270.07,25597.85,1761.38,60978.6
81,2020-03-22,144971.02,61.44,39320.78,-1087.74,8116.9,915.81,500.55,415.27,309.71,497.29,184361.59,561.51,878.02,8616.13,0.0,0.0,27459.77,51101.72,62310.7,1529.14,61091.7
82,2020-03-23,145396.88,29.44,39256.0,-1466.75,6749.71,909.39,405.5,503.87,250.05,401.57,185111.78,318.82,525.72,16480.94,0.0,0.0,30442.06,56027.92,57366.78,1725.92,61825.1
83,2020-03-24,145055.61,133.74,39386.56,-1419.12,6722.71,973.67,416.31,557.32,257.34,413.23,184202.97,290.69,490.28,16493.69,0.0,0.0,30622.32,56044.17,57472.53,1879.16,62271.0
84,2020-03-25,144273.15,275.69,39589.56,-1383.95,6385.94,1045.26,424.46,620.92,263.69,423.58,182550.22,402.48,652.42,13921.35,0.0,0.0,30979.48,56571.99,57921.43,1867.49,62055.7
85,2020-03-26,143528.99,630.38,40002.94,-831.02,6882.22,1237.85,580.79,657.06,363.17,582.79,179913.69,502.53,830.71,17353.35,0.0,0.0,25560.77,48569.5,53028.51,2019.58,61295.8
86,2020-03-27,142982.53,1223.36,40640.97,-180.07999999999998,7386.75,1695.21,816.05,879.15,512.46,822.01,176534.45,596.79,866.23,8966.49,0.0,0.0,28109.67,53433.34,54851.89,2487.86,61651.8
87,2020-03-28,142920.58,1162.43,40584.79,-81.22,8038.53,1586.89,845.46,741.39,530.96,851.78,176662.94,255.32,440.35,12310.88,0.0,0.0,29123.54,54282.08,55991.05,2732.75,62134.6
88,2020-03-29,143405.3,364.05,39746.33,-143.96,11221.03,1062.76,822.78,239.9,515.21,826.5,180824.92,464.23,795.41,16747.22,1.8,18500.0,8139.8,17046.69,22081.25,1848.4,61105.1
89,2020-03-30,144057.1,88.23,39419.02,-990.89,8659.36,935.77,547.0,388.8,340.69,546.91,183063.1,208.78,408.87,28377.51,0.0,1480.0,31006.55,58247.67,63523.69,1971.62,61013.8
90,2020-03-31,144181.58,161.13,39481.91,-911.46,8634.83,959.07,564.46,394.58,351.32,563.89,182858.85,415.24,667.88,10425.95,0.0,190.0,25794.56,48880.48,65279.11,1756.87,61165.2
91,2020-04-01,143166.61,268.92,39670.47,-1116.25,7477.88,1071.16,491.24,579.98,307.77,494.14,181183.71,173.17,320.26,27616.73,0.0,0.0,33553.34,63737.03,65167.09,2190.58,61856.9
92,2020-04-02,141935.84,686.73,40187.97,-616.82,7837.25,1321.26,644.45,676.71,407.55,653.97,177683.37,216.66,405.8,29954.69,0.0,0.0,32941.85,62544.98,64373.69,2444.62,62368.3
93,2020-04-03,142239.33,868.14,40344.7,80.9,9806.59,1358.83,921.23,437.6,581.34,932.32,177051.17,190.41,347.25,32611.14,0.3,650.0,7740.46,16397.11,20558.06,2465.14,61687.1
94,2020-04-04,143691.67,946.45,40306.15,-17.07,9283.82,1429.77,874.59,555.1,546.6,876.59,178551.68,206.42,353.73,19202.63,0.0,0.0,24130.97,47136.63,56805.36,2670.16,61847.5
95,2020-04-05,143911.74,1246.81,40589.34,-87.75,8017.56,1739.08,845.0,894.09,527.07,845.53,177589.29,243.43,436.26,21021.08,0.0,0.0,33811.04,64489.16,66091.47,2913.02,62089.1
96,2020-04-06,143463.96,1769.98,41148.88,59.16,6916.37,2263.76,910.82,1352.84,570.01,914.24,174774.09,199.51,352.34,20112.71,0.0,0.0,34851.5,66658.26,68088.76,3428.04,62149.5
97,2020-04-07,144445.89,1742.63,41041.09,818.98,9423.0,2117.36,1355.43,761.97,843.39,1350.86,175816.64,292.28,455.82,13150.32,0.0,0.0,33494.12,64887.41,67475.05,3314.79,63220.6
98,2020-04-08,143934.53,1788.59,41129.57,332.25,8532.55,2231.02,1067.71,1163.33,666.02,1067.57,175171.28,143.2,264.66,22150.58,0.0,0.0,32239.41,61610.78,63353.18,3567.17,63230.3
99,2020-04-09,143596.03,1664.89,41032.8,495.97,8377.85,2054.8,1148.85,905.8,718.85,1152.06,175212.94,248.08,406.92,14077.85,0.0,0.0,32209.63,62229.28,69115.14,3282.39,62829.4
100,2020-04-10,143801.13,1585.85,40937.26,464.49,8839.81,1971.6,1125.68,845.95,703.2,1127.29,175808.93,216.83,397.96,20208.63,0.0,0.0,34434.2,66574.1,75382.97,3283.75,62957.7
101,2020-04-11,143810.3,1346.71,40697.21,-222.75,7035.55,1771.56,786.69,984.78,490.94,787.73,177016.23,192.0,331.46,16137.53,0.0,0.0,36565.55,70741.64,72863.28,3119.5,62095.1
102,2020-04-12,142515.53,1922.26,41380.77,278.22,7099.13,2452.02,1025.85,1426.13,646.92,1037.1,172955.54,253.97,419.08,28237.61,0.0,0.0,30210.46,58443.95,72618.29,3552.68,62096.5
103,2020-04-13,142395.9,1167.9,40633.27,-3.98,8287.27,1584.66,919.35,665.29,580.31,930.46,175955.03,306.61,575.72,20764.71,0.2,2830.0,13583.29,26997.48,35025.06,2713.18,62188.4
104,2020-04-14,143471.16,667.61,40044.73,-656.34,7587.68,1243.79,629.15,614.58,393.42,631.46,179631.19,263.74,505.89,33601.6,0.0,550.0,26917.74,51869.84,75416.75,2353.02,60323.9
105,2020-04-15,143546.48,1101.48,40473.36,-238.73,7891.93,1635.04,784.52,850.54,490.63,787.06,177807.27,186.9,360.47,30124.64,0.0,0.0,31596.6,61733.75,69382.58,2863.12,61617.3
106,2020-04-16,142642.91,1826.47,41273.82,358.47,7651.78,2319.22,1064.9,1254.26,670.85,1075.34,173471.13,184.85,330.08,16861.37,0.0,30.0,35832.82,69809.18,75364.01,3533.43,61977.0
107,2020-04-17,142575.97,1825.77,41278.06,713.4,8704.01,2166.9,1254.69,912.21,790.79,1267.27,173212.41,241.2,398.66,10204.49,0.0,0.0,36188.89,70085.5,72956.31,3470.82,62100.1
108,2020-04-18,142468.36,1818.97,41280.23,798.71,9291.56,2222.81,1316.75,905.96,830.87,1331.1,173117.53,275.4,429.62,14421.21,3.4,4010.0,32612.89,63704.97,72727.36,3434.14,62454.1
109,2020-04-19,142935.51,1381.3,40802.75,115.13,8279.7,1749.54,953.32,796.14,599.16,960.87,175673.38,479.75,762.99,14373.86,5.5,9450.0,35500.44,68127.94,73088.94,2843.5,60949.7
110,2020-04-20,143334.2,1359.75,40748.84,-304.67,6487.16,1741.4,754.06,987.24,472.09,757.57,176360.08,714.73,1093.19,10850.69,0.0,0.0,40759.34,76840.52,78471.39,2631.2,60583.4
111,2020-04-21,143238.66,1557.32,40954.46,-57.3,6759.18,1923.14,855.22,1067.93,536.01,859.72,175352.18,756.37,1141.62,7084.32,0.0,0.0,40448.09,76633.17,78372.17,2784.98,60423.6
112,2020-04-22,143377.83,1755.0,41141.06,-18.32,6286.86,2104.52,872.77,1231.63,546.5,876.64,174670.44,610.65,919.77,11582.89,0.0,0.0,41120.33,77934.28,79626.37,3037.25,60492.2
113,2020-04-23,143147.39,1885.83,41291.29,252.27,6914.15,2273.45,1001.18,1272.34,628.25,1007.38,173801.21,236.64,424.09,16938.8,0.0,0.0,40545.68,77435.1,79232.56,3550.09,61317.1
114,2020-04-24,141734.25,1925.4,41448.54,451.42,7655.88,2359.38,1104.87,1254.54,700.33,1122.64,171894.58,232.39,454.83,34293.25,0.0,0.0,33073.47,63920.02,70289.13,3564.95,62121.9
115,2020-04-25,141835.89,1364.81,40876.52,291.12,8671.01,1725.33,1018.61,706.72,644.97,1034.08,174352.95,250.85,474.8,25551.92,0.0,0.0,21992.15,43167.56,64099.92,2981.37,60243.7
116,2020-04-26,141801.83,1527.58,41042.88,165.13,8057.75,1948.32,957.42,990.9,606.31,972.28,173701.54,204.07,361.77,19568.8,0.0,0.0,41611.45,80323.71,83170.81,3317.86,61433.7
117,2020-04-27,141396.18,1966.47,41518.01,345.46,7305.17,2440.88,1051.47,1389.38,668.08,1071.03,171356.61000000002,271.36,456.96,27785.77,0.0,0.0,39207.8,75748.8,83649.76,3658.86,61707.9
118,2020-04-28,140912.77,1996.34,41588.53,919.21,9134.9,2377.33,1413.55,963.79,902.23,1444.91,170425.37,269.2,462.31,27834.2,1.5,3320.0,23566.38,46863.87,57244.56,3644.15,62104.8
119,2020-04-29,141008.68,2106.62,41691.18,1008.13,8910.22,2427.66,1451.09,976.53,925.44,1481.98,170034.25,298.22,544.89,35564.2,0.0,0.0,25393.18,50618.11,69200.88,3609.66,59881.4
120,2020-04-30,140880.6,1822.88,41416.63,994.67,9859.2,2127.36,1437.52,689.78,917.55,1469.51,171054.04,538.35,830.94,28365.24,0.2,820.0,21173.2,42584.34,38363.34,3275.99,60771.0
121,2020-05-01,140657.39,1523.83,41134.26,709.54,9866.95,1850.6,1251.64,598.92,799.8,1281.37,172115.36,651.93,975.99,30060.1,1.4,2430.0,28727.17,56224.45,81699.76,2962.05,60265.0
122,2020-05-02,141300.74,1205.9,40760.99,639.33,11008.47,1590.67,1209.38,381.31,769.16,1232.6,174277.71,324.36,563.78,33742.68,5.2,3540.0,17391.11,34852.13,49147.44,2755.67,60253.6
123,2020-05-03,142645.53,1570.87,41016.53,603.59,9290.31,1905.09,1188.52,716.43,748.72,1199.86,174391.06,242.25,446.78,34220.85,0.1,450.0,23781.06,47169.81,75836.61,3130.47,60188.6
124,2020-05-04,142648.78,1214.42,40658.93,759.15,11625.58,1604.6,1285.42,319.05,809.96,1297.65,175879.69,229.61,376.51,21515.19,1.1,4570.0,12320.5,25268.12,30609.21,2843.84,62870.3
125,2020-05-05,143005.24,948.12,40362.46,62.55,9920.41,1442.17,916.68,525.64,575.51,923.05,177683.64,253.75,448.33,18763.2,0.0,0.0,29300.6,56548.01,86647.84,2617.05,61702.6
126,2020-05-06,143540.53,1277.13,40647.92,59.01,8339.05,1723.1,908.54,814.57,568.27,911.44,176941.37,225.64,401.89,23344.82,0.0,0.0,40136.4,78074.72,94047.78,2961.67,61333.7
127,2020-05-07,143457.69,1781.07,41159.39,32.260000000000005,6976.85,2201.72,906.85,1294.92,567.67,910.42,174688.85,186.0,387.74,28843.2,0.0,0.0,45504.39,88504.45,90296.82,3476.22,61364.1
128,2020-05-08,142748.54,2114.46,41552.01,544.28,7350.269999999999,2558.41,1156.29,1402.26,727.74,1166.42,172315.28,217.4,401.64,16243.24,0.0,0.0,40071.19,78494.53,91034.65,3786.96,61826.8
129,2020-05-09,142185.35,2176.42,41661.22,689.6,7493.49,2580.97,1240.8,1340.09,784.34,1256.85,171314.33,244.27,383.18,13170.97,0.0,0.0,33501.01,66280.8,79071.42,3759.57,62311.4
130,2020-05-10,141072.91,2232.57,41811.31,1419.56,10123.52,2626.44,1797.15,829.35,1147.25,1835.08,169476.61,137.57,256.44,25899.65,1.7,940.0,21306.46,43161.78,58736.18,3899.42,61993.8
131,2020-05-11,141291.58,842.8100000000001,40395.63,565.13,12617.8,1382.24,1208.6,173.6,769.43,1232.62,175888.43,457.04,773.29,10791.99,17.8,33750.0,4833.18,11352.28,12954.61,2277.53,61341.0
132,2020-05-12,143613.93,746.91,40464.68,-138.77,9798.51,1325.25,829.01,496.18,521.75,837.0,179415.73,200.12,384.52,31001.91,0.0,0.0,32706.66,63015.38,94275.24,2490.58,61384.8
133,2020-05-13,141952.02,1123.0,40622.93,45.47,8963.84,1588.6,901.42,687.27,570.17,914.46,175642.16,257.33,438.41,19182.57,0.0,0.0,32500.39,62901.7,86536.6,2821.67,61678.1
134,2020-05-14,142572.43,1201.73,40650.97,412.09,9918.24,1592.51,1083.04,509.49,682.32,1093.84,175937.74,309.13,534.05,12041.33,0.0,0.0,15872.24,31678.36,38850.35,2683.68,60343.2
135,2020-05-15,142898.95,1316.81,40739.65,100.11,8297.8,1718.92,926.09,792.84,581.88,933.25,175940.96,238.45,428.29,16915.81,0.0,0.0,41381.47,79234.66,99873.88,2959.45,60883.0
136,2020-05-16,143303.85,1491.56,40881.96,276.36,8368.49,1901.85,1013.86,887.96,635.42,1018.85,175673.16,209.48,395.32,24209.22,0.0,0.0,43909.41,85454.57,99629.79,3250.09,61091.5
137,2020-05-17,143350.75,1749.73,41136.4,522.19,8332.87,2100.1,1142.33,957.86,715.88,1147.44,174538.3,178.01,365.51,29550.06,0.0,0.0,39877.28,77944.92,97057.63,3492.89,61473.0
138,2020-05-18,143378.02,2171.33,41556.67,801.08,8051.72,2655.68,1318.22,1337.51,826.55,1324.18,172783.91,225.69,426.95,30253.67,0.0,0.0,44226.73,87796.27,94985.91,3895.22,61578.6
139,2020-05-19,143154.59,2336.96,41740.89,1172.54,8636.07,2728.2,1565.74,1162.5,983.81,1575.0,171651.27,227.11,427.88,25769.68,0.0,0.0,37343.26,74846.05,92943.97,4002.95,61838.2
140,2020-05-20,143347.29,2060.95,41448.37,1385.92,10607.07,2358.58,1728.01,630.53,1084.67,1735.85,172926.41,178.53,316.19,15543.64,0.1,3140.0,12813.13,26698.46,33212.11,3621.22,61295.3
141,2020-05-21,143485.55,2148.84,41525.08,910.55,8604.36,2547.2,1381.94,1165.24,865.82,1386.84,172931.67,224.76,398.09,17004.87,0.0,0.0,46424.13,92523.88,96826.03,3889.56,61510.4
142,2020-05-22,143113.99,2323.75,41731.11,1431.51,9843.39,2782.22,1820.83,961.46,1145.8,1832.67,171574.35,203.7,356.56,26319.62,4.7,9830.0,21998.61,44842.85,53893.38,3974.09,61238.3
143,2020-05-23,143341.19,1935.0,41322.93,1375.41,11231.64,2232.72,1743.39,489.32,1094.84,1751.97,173443.94,260.11,479.86,33637.15,6.1,10560.0,16542.87,34069.05,41794.41,3488.36,60772.4
144,2020-05-24,144032.27,1775.42,41106.48,960.26,10150.64,2096.93,1416.07,680.84,883.93,1415.68,175120.72,349.15,665.63,34461.0,5.8,6280.0,32243.88,63314.23,82196.09999999999,3330.75,60004.2
145,2020-05-25,144445.55,1771.19,41068.54,1055.62,10451.19,2073.7,1481.98,591.65,922.73,1477.59,175602.28,312.3,621.34,25146.47,0.2,1060.0,23343.43,46354.22,81594.86,3210.43,59945.3
146,2020-05-26,145104.16,1859.98,41103.74,1000.73,9850.65,2193.42,1439.94,753.42,892.21,1429.0,176063.06,175.29,348.16,18484.97,0.0,0.0,31146.65,61497.23,81462.84,3540.34,60875.6
147,2020-05-27,144783.12,2350.05,41619.31,1061.27,8362.12,2760.05,1483.17,1276.96,921.12,1475.04,173605.0,158.45,315.22,28077.62,0.0,0.0,40914.33,80278.74,100767.11,4110.21,61453.5
148,2020-05-28,144438.94,2033.72,41331.47,867.22,8692.98,2344.72,1364.6,980.0,849.26,1360.34,174538.3,397.64,712.11,10474.34,0.8,3680.0,42576.82,82182.17,111466.91,3524.42,59885.6
149,2020-05-29,135111.31,1882.55,38748.85,438.24,6879.74,2190.57,1050.82,1139.78,654.86,1049.75,163482.27,327.16,536.56,13617.76,0.0,0.0,39345.55,76246.65,94139.89,3180.83,56767.9
150,2020-05-30,143565.37,1875.32,41244.58,443.31,7463.46,2175.41,1102.71,1072.61,690.01,1106.06,174262.33,459.77,707.0,9149.57,0.0,0.0,33388.17,65277.36,79335.15,3221.03,60715.2
151,2020-05-31,143338.55,1904.53,41292.53,745.09,8532.53,2243.14,1275.33,967.73,799.62,1281.24,173804.36,293.7,498.56,16604.77,0.0,0.0,31439.4,62428.35,82386.25,3313.14,59934.2
152,2020-06-01,143387.3,2322.94,41707.64,784.01,7428.06,2742.64,1298.47,1444.23,813.84,1303.98,172125.28,330.17,544.24,12189.37,0.0,0.0,49617.22,97440.05,99311.44,3803.03,60759.7
153,2020-06-02,142687.77,2582.01,42026.04,871.64,6965.23,3080.99,1353.85,1727.15,852.82,1366.27,170206.07,209.98,375.17,16367.87,0.0,0.0,48948.66,97012.96,98889.95,4197.13,61876.9
154,2020-06-03,141057.15,2286.68,41867.04,1363.07,9943.79,2687.18,1732.29,954.74,1105.77,1769.3,169259.63,243.03,397.25,27412.7,16.7,3930.0,25804.64,51206.48,59223.4,3812.33,62460.3
155,2020-06-04,139646.06,2001.17,41699.55,1835.04,13388.6,2312.96,2134.67,178.14,1377.5,2201.65,168509.53,221.77,352.95,29384.76,3.1,15010.0,13204.33,27559.58,31922.51,3463.57,62549.6
156,2020-06-05,139766.89,1758.25,41444.06,1052.1,10612.15,2061.12,1489.39,571.72,958.5,1534.6,169942.32,516.38,843.88,32796.8,0.7000000000000001,4290.0,27778.96,55826.46,35702.87,3166.97,59836.8
157,2020-06-06,140662.24,1667.68,41277.15,1006.97,10692.93,1986.55,1451.41,535.11,927.69,1485.57,171434.85,540.02,810.64,30734.6,0.3,2520.0,25160.74,50622.24,61449.14,2968.13,60005.0
158,2020-06-07,141390.2,1888.38,41438.08,1141.34,10588.22,2204.98,1548.73,656.32,985.53,1577.6,171361.01,280.81,436.4,31284.3,1.3,5030.0,17298.579999999998,35471.51,40066.4,3301.41,60568.1
159,2020-06-08,142173.21,2037.35,41522.22,850.25,8816.7,2384.32,1347.3,1036.96,851.9,1364.61,171799.32,170.86,286.97,20736.25,0.0,0.0,27620.87,54978.14,63783.05,3698.31,61869.8
160,2020-06-09,142431.91,2007.09,41470.41,1363.6,10956.9,2329.51,1720.82,608.63,1087.14,1739.69,172057.27,232.05,386.82,19669.05,1.5,11790.0,18991.94,38771.64,43206.74,3456.28,63047.9
161,2020-06-10,142184.61,1981.97,41465.76,1603.69,12232.0,2276.51,1914.29,362.12,1212.08,1938.76,171759.74,226.16,377.48,23818.99,4.9,21640.0,13729.93,28916.53,32342.6,3355.09,60041.7
162,2020-06-11,141783.16,2025.76,41543.32,1910.95,13675.7,2324.46,2206.72,117.67,1402.34,2241.25,170958.85,181.47,301.9,13657.54,0.8,7280.0,8541.75,18622.33,21590.39,3408.74,60758.9
163,2020-06-12,141621.51,2906.68,42442.27,2016.46,10286.72,3542.5,2314.39,1228.08,1472.84,2353.11,167197.47,363.69,606.19,18097.86,0.0,0.0,45110.04,88727.5,100762.32,4284.86,61346.4
164,2020-06-13,141561.93,3202.95,42744.92,2335.91,10347.28,3990.7,2663.86,1326.82,1697.6,2709.67,165795.07,324.85,537.0,13435.88,0.1,1420.0,38739.82,76729.95,95996.88,4772.48,62060.4
165,2020-06-14,141868.52,2665.9,42179.05,2549.02,13697.1,3079.18,2924.82,154.39,1861.01,2968.66,168127.69,190.02,316.52,22069.39,25.5,26270.0,11743.32,25652.08,29586.99,4021.74,61606.5
166,2020-06-15,142276.78,2651.86,42130.32,2438.45,13148.32,3064.87,2787.64,277.3,1768.19,2821.65,168735.85,269.61,462.32,30201.61,3.7,950.0,22294.38,45527.11,61033.08,4107.68,61944.9
167,2020-06-16,142359.05,2654.83,42126.35,2121.49,11593.24,3097.18,2420.01,677.13,1532.56,2448.02,168998.93,210.57,363.65,30792.48,17.599999999999998,2440.0,32976.0,66042.26,78672.11,4254.99,59972.8
168,2020-06-17,141832.18,2960.18,42477.89,2085.69,10226.62,3547.93,2388.67,1159.24,1518.0,2424.89,167174.24,279.33,450.98,15753.81,0.0,0.0,37518.05,74543.09,92678.93,4452.41,61744.9
169,2020-06-18,141879.58,2330.77,41841.55,2178.31,13474.3,2658.82,2482.88,176.02,1577.91,2520.05,169696.02,145.28,270.39,30497.07,16.9,34530.0,7249.01,16644.59,18236.44,3754.37,62973.6
170,2020-06-19,142294.64,2500.59,41977.02,1924.1,11545.72,2943.41,2217.16,726.24,1403.87,2243.61,169655.97,226.63,429.36,32356.81,4.6,1450.0,36542.14,72593.27,93725.02,4075.15,60987.7
171,2020-06-20,142889.81,2586.53,42012.96,1860.04,10595.03,2991.41,2151.29,840.07,1356.3,2168.05,170024.23,336.32,562.94,36924.8,0.3,380.0,24046.55,49163.27,55687.12,3952.34,59488.0
172,2020-06-21,143045.91,2748.88,42162.62,1559.71,8800.17,3240.17,1878.49,1361.56,1182.16,1891.04,169688.83,196.38,393.43,27410.8,0.0,0.0,42564.62,86087.72,104438.61,4325.8,60256.6
173,2020-06-22,143412.67,2712.59,42095.25,1764.23,9698.42,3216.0,2060.07,1155.93,1293.68,2068.61,170199.89,229.12,421.02,25610.44,0.0,60.0,37409.45,74775.46,92901.04,4302.27,62582.5
174,2020-06-23,143772.83,2708.59,42061.2,1324.79,8144.58,3217.12,1687.45,1529.69,1055.98,1690.01,170818.5,229.36,405.14,16625.39,0.0,0.0,45331.66,89052.77,104238.25,4294.6,61546.5
175,2020-06-24,143631.89,2660.27,42024.78,1402.98,8461.95,3164.11,1748.8,1415.25,1095.69,1753.49,170826.74,310.33,532.13,15787.92,0.0,0.0,45440.74,90517.53,104474.7,4186.2,61980.6
176,2020-06-25,143095.84,2846.71,42256.52,1839.94,9694.65,3385.43,2146.46,1239.06,1351.19,2159.75,169236.86,304.09,504.02,15484.82,0.0,2470.0,30406.66,61159.94,88116.42,4275.36,60985.1
177,2020-06-26,142331.91,3052.2,42527.72,1724.53,8452.41,3751.33,2021.26,1730.08,1278.85,2044.87,167591.1,202.69,359.62,21929.51,0.0,0.0,46739.71,92713.98,98861.09,4767.2,61772.5
178,2020-06-27,141876.44,3117.57,42631.99,2202.28,9972.54,3845.2,2526.19,1318.9,1605.84,2564.03,166561.58,320.95,515.58,29728.0,1.2000000000000002,8500.0,36302.9,72744.4,93259.46,4679.38,62718.4
179,2020-06-28,142192.5,2960.3,42446.95,2159.36,10330.64,3520.06,2481.14,1038.93,1573.58,2512.81,167548.97,289.5,485.94,30743.89,0.0,1630.0,19937.08,41294.88,41969.82,4384.54,62187.9
180,2020-06-29,142024.17,2577.99,42077.64,1500.56,9169.88,2991.62,1831.68,1159.98,1160.81,1856.98,169173.16,347.71,578.89,32070.7,0.0,0.0,36840.32,73682.43000000001,100156.71,4121.76,60180.6
181,2020-06-30,141778.86,2611.94,42132.52,1179.26,7729.38,3040.33,1575.12,1465.23,999.38,1599.84,168860.59,538.48,893.71,32315.9,0.0,0.0,47667.35,93913.33,116246.5,4027.83,59098.1
182,2020-07-01,141433.08,3122.56,42675.33,1874.44,8541.0,3857.02,2170.44,1686.6,1382.73,2209.96,166180.6,517.35,836.06,31328.6,0.0,0.0,42055.51,84861.33,117606.25,4499.57,59326.3
183,2020-07-02,141766.26,2850.16,42372.89,1960.6,10198.87,3385.84,2263.53,1122.26,1438.94,2299.18,167586.54,231.45,449.05,33755.75,5.2,3670.0,31727.95,64133.98,95932.31,4483.65,59650.4
184,2020-07-03,142599.94,2637.17,42088.16,1529.42,9172.67,3083.19,1857.91,1225.3,1173.03,1876.46,169613.41,309.78000000000003,536.04,35626.6,0.0,0.0,37619.39,74527.57,76696.76,4197.77,59403.3
185,2020-07-04,142575.87,2855.13,42309.06,1406.07,7945.53,3436.72,1744.95,1691.73,1101.27,1762.29,168782.55,469.98,768.73,29938.5,0.0,0.0,43563.01,86899.77,99109.03,4307.99,60720.8
186,2020-07-05,142035.92,3232.72,42733.97,1997.72,8436.2,3944.42,2292.14,1652.32,1454.44,2323.95,166375.36,700.04,1064.25,30529.7,0.0,0.0,30621.6,62182.92,33855.4,4478.8,59266.4
187,2020-07-06,142213.69,2485.51,41969.07,1184.05,8174.26,2875.41,1602.09,1273.28,1013.94,1622.79,169884.2,379.24,745.05,36967.59,0.0,120.0,38491.97,75060.91,107101.24,4001.62,59117.7
188,2020-07-07,142951.93,2234.87,41655.53,931.38,8291.96,2586.09,1401.3,1184.79,881.23,1411.4,171892.57,259.67,483.15,33283.94,0.0,0.0,30636.64,60775.67,101257.47,3766.21,59120.2
189,2020-07-08,142599.57,1976.28,41425.54,1688.35,12683.75,2272.74,1988.42,284.1,1255.65,2007.99,172254.4,186.48,296.55,31602.99,4.5,30640.0,13141.4,28702.33,33671.18,3482.94,60080.6
190,2020-07-09,142280.47,2657.07,42135.52,2024.76,11317.89,3180.48,2321.69,858.78,1470.76,2349.92,168975.68,317.08,520.96,30061.18,0.6000000000000001,6770.0,26236.92,54192.32,32741.75,4059.8,61237.4
191,2020-07-10,141910.34,2880.36,42391.29,1914.93,9804.0,3464.35,2217.76,1246.53,1408.42,2250.95,167675.51,389.4,679.91,32388.93,0.0,0.0,22922.98,46842.66,57439.16,4280.25,61337.1
192,2020-07-11,143429.11,2266.86,41647.73,1055.26,8626.07,2605.21,1494.3,1110.92,937.12,1500.54,172282.2,226.17,418.85,22002.51,0.0,0.0,30695.59,60560.45,68560.53,3821.76,59095.2
193,2020-07-12,144001.73,2240.52,41574.02,963.63,8454.94,2636.41,1415.94,1220.49,883.99,1416.01,173148.81,237.92,415.98,17569.62,0.0,0.0,43067.32,84692.83,106444.91,3841.73,60007.8
194,2020-07-13,143477.7,2549.02,41926.71,916.39,7392.95,3064.26,1383.94,1680.35,867.15,1388.92,171285.25,171.78,313.35,18342.96,0.0,0.0,46161.15,91314.55,99783.48,4255.75,60665.9
195,2020-07-14,142305.92,2847.82,42324.94,1009.53,6867.23,3484.67,1450.66,2033.96,916.58,1467.81,168648.17,274.8,441.94,25542.86,0.0,0.0,33825.32,66559.46,77345.94,4415.82,60622.5
196,2020-07-15,142080.29,2281.57,41775.23,1871.73,12055.81,2602.52,2170.13,432.39,1376.14,2199.51,170281.1,229.45,388.09,26231.36,7.9,22540.0,16539.1,35398.78,44941.03,3750.47,59808.1
197,2020-07-16,142555.77,2237.68,41691.26,1632.14,11165.22,2572.25,1938.11,634.13,1224.03,1957.73,171148.71,189.81,348.61,28791.21,0.0,410.0,24591.36,50181.42,54399.01,3806.67,60590.6
198,2020-07-17,143021.38,2426.31,41841.41,1394.51,9599.33,2830.66,1746.05,1084.52,1098.8,1758.21,171035.91,194.69,357.42,22263.35,0.0,0.0,28631.08,57401.18,78347.58,3976.6,60275.8
199,2020-07-18,142976.76,2903.36,42323.38,1524.69,8106.88,3487.79,1846.36,1641.32,1162.32,1859.48,169010.88,203.12,363.65,20858.82,0.0,0.0,45168.73,89773.93000000001,101848.47,4559.82,60714.9
200,2020-07-19,142539.71,3132.94,42590.86,1572.02,7721.83,3933.11,1884.3,2048.87,1189.87,1903.55,167596.55,162.31,296.38,26013.05,0.0,0.0,33057.21,66507.93,83936.14,4768.33,61257.0
201,2020-07-20,142612.08,2850.84,42301.5,1824.43,9225.82,3372.54,2118.87,1253.68,1338.28,2139.45,168650.23,270.67,482.36,25879.13,0.1,520.0,28224.59,56985.7,71820.13,4361.9800000000005,61854.2
202,2020-07-21,143267.44,2610.13,42005.05,1117.59,7737.94,3060.88,1537.43,1523.47,965.21,1545.35,170672.56,237.14,436.87,18735.85,0.0,0.0,38956.17,77230.55,105823.08,4160.37,59544.2
203,2020-07-22,143267.3,2528.45,41923.46,935.14,7327.13,2986.82,1397.72,1589.18,877.01,1404.84,171087.29,251.94,426.7,18833.97,0.0,0.0,44676.89,88727.9,100882.29,4164.09,59631.1
204,2020-07-23,142588.33,2667.4,42119.64,1157.6,7492.44,3139.13,1551.41,1587.77,978.54,1566.72,169626.38,230.07,398.24,15481.85,0.0,0.0,38861.43,77318.27,93863.8,4221.05,59480.7
205,2020-07-24,141850.2,2954.35,42470.46,1267.04,7331.67,3663.26,1635.94,2027.36,1037.46,1660.6,167601.45,230.17,439.21,32587.12,0.0,0.0,31570.75,63175.39,77891.02,4475.56,60552.0
206,2020-07-25,142007.36,3135.01,42638.3,1612.07,7580.78,3828.23,1922.15,1906.1,1218.62,1949.0,166902.5,210.68,374.38,28138.93,0.0,0.0,29420.5,59380.35,88302.61,4736.84,60033.9
207,2020-07-26,141931.95,2748.99,42257.08,2022.33,10623.25,3219.76,2329.4,890.36,1479.04,2362.93,168149.68,294.42,501.01,27165.18,3.1,9720.0,24763.23,50680.04,78560.49,4191.78,60164.5
208,2020-07-27,142432.18,3062.05,42529.01,1663.14,8530.210000000001,3786.34,1977.44,1808.82,1249.99,1998.81,167696.48,266.76,449.84,26790.0,0.0,0.0,33431.06,67413.43000000001,53912.69,4579.34,60361.4
209,2020-07-28,141762.33,3392.1,42917.62,1744.56,7173.53,4241.69,2044.3,2197.26,1298.92,2076.79,165549.82,317.76,594.66,33020.36,0.0,0.0,25493.1,51505.39,85842.0,4807.77,59501.7
210,2020-07-29,142832.7,2879.2,42311.23,1101.18,6672.31,3425.86,1514.29,1911.61,953.44,1526.68,169074.27,312.44,575.24,35926.14,0.0,0.0,44787.48,88410.02,91652.42,4409.89,58461.5
211,2020-07-30,143102.6,2865.04,42274.34,1068.81,6901.35,3507.5,1489.58,2017.88,936.04,1498.83,169502.78,205.24,388.1,22346.75,0.0,0.0,42603.63,85857.59,90423.14,4486.5,59530.0
212,2020-07-31,142852.66,3114.55,42545.64,1274.94,6638.54,3888.92,1642.67,2246.1,1034.59,1655.97,168140.88,221.36,378.19,13181.73,0.0,0.0,43584.36,88303.33,90289.9,4721.6,60409.0
213,2020-08-01,142288.11,3542.05,43022.96,1688.29,7032.5,4756.04,1997.37,2758.7,1264.16,2021.4,165677.31,223.67,401.05,18845.76,0.2,640.0,41588.55,82965.87,87666.71,5135.75,60858.0
214,2020-08-02,142070.35,2893.58,42390.43,2418.41,11839.24,3412.01,2763.28,648.67,1755.0,2800.78,167538.46,183.8,313.69,21113.24,12.2,4820.0,12614.85,26659.45,32889.18,4350.7,62078.7
215,2020-08-03,141994.89,2534.35,42036.31,1702.84,10253.66,2916.8,2031.82,884.97,1288.68,2060.19,169215.98,287.12,505.37,12107.5,0.0,1510.0,27149.24,54902.77,75709.91,3934.23,59197.5
216,2020-08-04,142345.64,2464.1,41935.97,1361.22,8917.55,2852.97,1710.1,1142.84,1081.08,1730.1,170075.56,214.92,401.51,21216.13,0.0,0.0,24604.57,49711.33,68496.51,3874.7,59070.9
217,2020-08-05,142887.76,2776.16,42203.3,1202.65,7949.37,3424.27,1593.54,1830.66,1003.14,1605.85,169574.0,222.8,384.16,23281.38,0.0,50.0,41075.16,81611.25,91097.39,4399.11,60665.4
218,2020-08-06,143181.57,3139.71,42542.68,1198.87,6724.12,3986.29,1587.32,2399.02,997.05,1596.36,168468.97,224.5,379.19,15925.34,0.0,0.0,42240.89,83645.95,85433.92,4712.14,61545.2
219,2020-08-07,143218.96,3461.58,42862.03,1703.15,7143.51,4573.55,2003.16,2570.41,1259.48,2014.1,167069.13,177.96,316.19,17344.42,0.0,0.0,40996.87,82232.42,84126.42,5113.12,62086.0
220,2020-08-08,143035.14,3869.19,43286.12,1939.8,6885.86,5353.29,2234.87,3118.46,1407.77,2249.79,165162.94,175.33,310.32,18800.69,0.0,0.0,40282.84,80410.54,82796.18000000001,5546.85,-104547.9
221,2020-08-09,142710.03,3791.76,43236.79,1948.38,7026.58,5179.13,2243.91,2935.16,1416.8,2264.14,165074.84,278.44,466.34,20064.35,2.0,2820.0,36104.11,71740.68000000001,74664.58,5364.77,61626.1
222,2020-08-10,142683.74,3155.12,42600.49,2603.51,11447.42,3814.1,2995.59,818.57,1895.44,3023.12,167127.94,267.44,425.35,21120.78,3.3000000000000003,9070.0,12133.89,26032.96,28265.12,4401.02,60028.3
223,2020-08-11,142805.25,3533.89,42969.78,2322.67,9096.8,4554.91,2660.31,1894.54,1680.49,2682.48,165963.21,263.58,449.4,19635.66,0.0,0.0,36069.1,72515.14,78686.23,5019.97,62344.0
224,2020-08-12,142682.65,3400.38,42846.59,2290.98,9464.79,4362.19,2615.7,1746.46,1653.59,2639.93,166372.95,212.08,386.51,23623.47,10.6,2660.0,34173.96,68020.28,71223.52,4902.01,62809.0
225,2020-08-13,142261.42,3328.07,42810.19,2507.18,10480.3,4172.64,2869.97,1302.62,1820.76,2905.04,166030.63,187.39,323.44,28126.55,0.0,0.0,24813.56,50402.65,59107.91,5079.31,63948.3
226,2020-08-14,142193.25,3095.62,42582.8,2699.27,12211.49,3711.79,3120.2,591.62,1981.89,3159.91,166724.16,209.56,362.34,28492.1,0.0,3250.0,15788.77,33636.8,37255.73,4840.85,62168.7
227,2020-08-15,142377.67,2943.41,42414.27,2736.43,13227.61,3480.06,3171.96,308.04,2012.45,3208.16,167520.46,125.76,213.69,22729.0,14.0,12230.0,12991.71,27727.18,30310.83,4698.63,62351.6
228,2020-08-16,142092.36,3351.19,42848.14,2447.5,10374.02,4221.66,2813.39,1408.26,1786.65,2850.65,165769.73,188.18,327.07,24670.89,0.0,0.0,30926.84,62106.93,71398.68000000001,5202.83,62518.4
229,2020-08-17,141748.67,2860.26,42384.42,2413.7,11947.04,3361.68,2758.65,603.01,1756.11,2802.45,167289.82,181.28,303.56,29792.69,2.0,4600.0,14105.5,29293.05,35715.86,4634.77,63033.8
230,2020-08-18,141785.64,2822.48,42343.41,2220.16,11407.69,3350.92,2531.86,819.05,1610.32,2571.35,167601.73,198.81,349.77,30513.49,0.0,530.0,23347.9,47540.22,67594.53,4667.86,62472.2
231,2020-08-19,141856.62,2879.94,42395.08,1937.9,10007.65,3465.9,2230.28,1235.56,1416.61,2263.94,167604.33,173.73,303.87,24241.03,0.0,0.0,31429.83,62955.78,74821.37,4778.21,62525.5
232,2020-08-20,141808.23,3240.65,42761.38,2182.19,9585.74,4129.68,2492.88,1636.85,1585.03,2531.26,166037.62,263.08,434.67,27227.96,0.0,0.0,28551.83,58200.5,83551.48,4963.84,62843.9
233,2020-08-21,141891.56,3833.21,43349.5,2344.86,8354.3,5272.97,2680.06,2592.94,1703.97,2719.73,163773.97,340.15,568.63,28393.91,0.0,130.0,35281.73,70618.52,75812.89,5446.77,63231.3
234,2020-08-22,142421.31,3169.73,42637.59,2357.34,10325.44,3836.98,2710.36,1126.54,1717.27,2740.6,166888.15,396.03,628.4,31253.3,3.6,4750.0,17204.74,35548.95,46000.7,4747.28,61029.1
235,2020-08-23,142507.65,2686.4,42145.43,1678.28,9424.45,3131.62,1992.46,1139.11,1259.06,2013.36,169239.16,286.7,503.27,30624.59,1.5,1810.0,21574.3,43775.44,61075.74,4396.64,60934.0
236,2020-08-24,142475.64,2448.18,41909.27,1446.88,9435.85,2839.04,1781.23,1057.79,1125.1,1800.28,170269.35,310.37,530.85,30731.2,0.0,0.0,23310.87,46942.49,65768.07,4244.72,60288.8
237,2020-08-25,142035.98,2528.81,42027.55,1479.06,9381.56,2993.37,1805.45,1187.91,1144.14,1830.62,169430.24,334.49,528.39,26724.7,0.0,590.0,23457.27,47076.19,69087.16,4274.43,60814.0
238,2020-08-26,141400.38,2887.47,42441.78,1370.13,7335.59,3388.39,1716.54,1671.93,1092.33,1748.18,167233.3,616.6899999999999,1171.89,32905.6,0.0,0.0,17006.98,34494.82,65107.78,4372.14,58394.0
239,2020-08-27,142367.99,2513.65,41983.85,1294.49,8398.46,2895.0,1656.34,1238.69,1046.65,1675.28,169918.14,257.99,528.81,33896.43,0.0,0.0,23886.62,48144.81,63604.35,4335.07,58307.9
240,2020-08-28,140933.23,2500.1,42092.42,1683.29,10229.24,2923.79,1991.86,931.82,1273.06,2035.63,168124.71,458.78,681.84,29767.3,2.9,7990.0,23966.97,47805.88,60377.12,4153.51,59869.8
241,2020-08-29,141024.94,2602.65,42187.36,1610.41,9404.79,3014.58,1920.51,1094.11,1226.12,1961.06,167832.7,475.06,711.0,29562.4,0.0,0.0,19928.6,40090.26,57630.68,4212.11,58730.9
242,2020-08-30,141365.41,2246.61,41800.42,1896.38,12455.63,2568.61,2189.12,379.53,1395.25,2229.9,169555.71,236.69,384.05,21370.99,36.3,30650.0,8909.92,19379.4,21439.35,3961.14,60271.3
243,2020-08-31,142543.99,2154.83,41609.18,1937.77,13112.14,2461.65,2225.84,235.59,1406.87,2248.56,171335.69,211.33,382.2,31960.34,13.0,9610.0,12570.09,26320.09,30513.81,3916.93,59246.1
244,2020-09-01,142730.64,1948.9,41387.21,1720.86,13044.15,2244.29,2020.37,223.86,1274.59,2038.26,172513.52,139.91,265.81,27171.05,8.4,13190.0,8834.52,19044.18,22330.37,3753.85,59823.7
245,2020-09-02,142809.52,1884.97,41316.59,1234.23,11174.02,2246.07,1612.29,633.78,1015.55,1625.66,173098.75,175.84,304.57,29021.92,0.0,0.0,26022.87,51590.49,64354.33,3885.44,60971.9
246,2020-09-03,143138.55,2191.63,41596.54,1466.12,10873.88,2584.92,1806.48,778.45,1135.84,1817.16,172132.71,294.99,465.67,27198.8,0.3,2600.0,22840.85,45155.25,59021.05,3742.1,61525.7
247,2020-09-04,143200.15,2944.75,42345.73,2010.95,9717.18,3527.59,2302.52,1225.05,1449.07,2315.42,168896.89,341.31,588.62,29986.15,0.0,340.0,22161.75,45181.04,59411.91,4256.32,59549.5
248,2020-09-05,142677.84,2262.53,41706.0,1957.59,12580.25,2584.81,2258.17,326.53000000000003,1426.36,2279.36,171042.14,224.64,366.05,21697.15,0.4,1600.0,8260.13,17485.79,22786.68,3657.77,63374.1
249,2020-09-06,143000.62,2000.48,41416.48,1146.59,10197.41,2332.51,1551.9,780.68,976.13,1562.69,172857.63,165.87,318.25,30973.76,0.0,30.0,28673.21,56153.62,70864.06,3947.23,60552.2
250,2020-09-07,143580.26,2100.77,41468.96,1154.37,9782.77,2467.58,1550.54,917.07,971.17,1555.1,173153.43,175.23,316.97,28957.15,0.0,0.0,31083.37,60474.29,68830.98,4066.55,61766.5
251,2020-09-08,143872.83,2354.16,41698.36,1141.4,9101.55,2863.14,1541.5,1321.6,963.59,1542.84,172505.99,315.64,530.08,29425.22,0.0,160.0,31622.11,62669.24,65164.62,3997.01,61918.5
252,2020-09-09,143256.58,2752.87,42149.37,1524.32,8896.13,3366.49,1858.63,1507.87,1168.18,1868.57,169986.18,307.17,512.98,30937.8,0.0,2530.0,31163.62,61800.14,63190.94,4234.43,61956.6
253,2020-09-10,143194.25,2358.43,41759.05,1568.93,10387.05,2714.2,1904.73,809.47,1197.73,1915.48,171437.31,216.19,375.01,16664.670000000002,1.7,5490.0,27024.22,53046.48,65778.95,3936.64,59413.5
254,2020-09-11,142752.11,2306.38,41743.97,1555.29,10624.53,2767.21,1879.75,887.48,1185.52,1896.34,171184.56,145.94,247.31,20065.51,0.0,0.0,28491.11,55659.83,60916.44,4014.45,62220.0
255,2020-09-12,142999.6,2624.94,42042.26,1642.19,9874.72,3184.02,1947.45,1236.61,1226.12,1961.01,170146.66,238.49,411.24,27030.61,0.0,0.0,24958.9,48012.85,53675.93,4092.45,62328.3
256,2020-09-13,143917.91,2698.32,42038.81,1837.14,10235.86,3264.18,2132.03,1132.05,1334.43,2133.29,170854.23,148.57,253.41,21450.99,0.0,0.0,27192.91,53855.71,57024.93,4423.38,61864.6
257,2020-09-14,143976.91,2983.38,42319.21,1971.25,9886.95,3757.12,2265.57,1491.53,1417.93,2266.12,169740.05,175.7,312.75,22899.68,0.0,0.0,28167.7,54923.6,57483.98,4721.48,63800.7
258,2020-09-15,143214.54,3068.28,42468.61,2043.54,9873.47,3864.35,2338.04,1526.25,1471.38,2350.81,168455.66,180.83,303.55,23665.05,0.0,80.0,27396.0,54376.93,56078.64,4799.92,64618.1
259,2020-09-16,142865.96,3092.57,42522.35,2001.66,9441.74,3847.41,2292.61,1554.76,1446.15,2310.79,167947.62,155.98,288.51,17321.9,0.0,0.0,25726.16,50835.23,53948.54,4898.96,64207.3
260,2020-09-17,143957.34,2183.66,41520.86,1243.89,9547.8,2506.83,1649.19,857.58,1031.19,1650.38,173197.17,527.62,805.48,6095.66,0.0,0.0,20010.23,38417.52,55797.08,3707.19,58793.0
261,2020-09-18,144057.74,1928.98,41258.08,665.0,8432.61,2309.0,1225.13,1083.81,764.09,1224.61,174621.42,261.39,428.18,17467.05,0.0,0.0,28969.75,55576.39,56943.23,3571.96,60205.1
262,2020-09-19,143242.46,1890.46,41286.65,639.86,8637.73,2320.99,1210.06,1110.94,758.99,1216.41,173828.59,185.22,305.87,15364.65,0.0,0.0,26149.98,50457.4,54726.79,3548.27,61254.0
263,2020-09-20,142752.05,2107.96,41545.08,841.09,8560.22,2548.75,1334.73,1214.09,840.4,1346.44,172259.57,249.01,400.5,15245.26,0.0,0.0,27557.16,53462.76,54749.39,3739.21,61461.7
264,2020-09-21,142562.24,2213.17,41666.35,1254.64,9724.46,2659.93,1631.63,1028.21,1029.77,1648.34,171453.0,135.33,242.24,19618.1,0.0,0.0,26087.8,51114.1,52426.6,4032.15,62093.8
265,2020-09-22,141811.6,2542.27,42060.09,1694.39,10374.55,3102.36,2000.08,1102.24,1270.39,2031.35,169054.49,232.22,382.4,25626.96,0.0,0.0,24253.16,47354.95,50527.94,4211.26,62300.3
266,2020-09-23,141143.84,2540.48,42114.77,1676.48,10260.3,2988.37,2001.99,986.36,1277.35,2042.33,168210.96,234.61,366.5,26058.63,0.0,0.0,14595.59,29687.57,39966.16,4150.46,63175.7
267,2020-09-24,140900.3,2571.55,42166.73,1402.59,8752.96,2979.84,1753.13,1226.73,1119.87,1791.75,167885.84,460.14,718.52,28883.36,0.1,790.0,20269.06,39254.51,48096.47,4036.32,60152.8
268,2020-09-25,140078.87,1804.1,41463.83,1284.13,11582.31,2103.15,1678.81,424.34,1078.52,1725.68,170045.27,309.68,528.73,30864.4,43.5,12470.0,15320.73,30751.33,42628.51,3466.19,59533.8
269,2020-09-26,139832.1,1157.37,40832.55,1105.23,14054.7,1554.36,1515.66,38.69,974.77,1560.8,172530.11,153.62,256.82,30959.52,46.4,48010.0,3065.48,7272.73,7873.17,2758.13,60518.7
270,2020-09-27,140801.47,1162.23,40756.57,919.83,12970.79,1586.81,1393.39,193.4,889.45,1424.47,173782.82,218.42,344.19,27125.74,0.1,100.0,11713.73,23555.08,28663.3,2810.6,60275.2
271,2020-09-28,141823.74,1477.43,40989.09,1018.8,11973.48,1865.0,1458.0,406.97,924.32,1480.18,173686.42,165.05,270.81,23390.93,0.0,0.0,16932.72,33513.83,37874.64,3202.01,61486.2
272,2020-09-29,142549.29,1778.24,41231.05,1214.78,11387.69,2119.8,1596.16,523.68,1007.15,1612.36,173226.17,167.28,278.38,27131.77,0.0,0.0,20952.63,41318.59,47823.85,3562.4,62073.3
273,2020-09-30,142508.53,1636.15,41092.13,1370.07,12887.63,1985.45,1722.17,263.25,1087.57,1740.48,173721.39,129.87,220.75,22122.88,0.0,0.0,12374.04,25229.24,27002.34,3323.7,64488.3
274,2020-10-01,141140.79,1819.89,41390.84,1346.53,11958.18,2189.09,1701.58,487.5,1085.05,1736.45,171308.52,231.34,363.06,26468.52,0.0,0.0,19403.43,38003.77,40858.31,3524.79,63883.2
275,2020-10-02,139986.5,2198.14,41869.17,1598.23,11246.31,2551.0,1906.86,644.1,1226.42,1961.6,168236.67,346.15,555.55,15816.9,0.0,0.0,19757.37,39118.88,44965.82,3771.91,62072.2
276,2020-10-03,139207.24,2053.71,41790.06,1678.65,12253.4,2380.96,1988.4,392.49,1286.53,2057.11,167834.76,392.35,580.7,17009.71,0.0,0.0,14177.34,28428.81,33915.42,3586.07,61484.4
277,2020-10-04,140123.7,1661.6,41316.26,876.0,10358.18,1996.81,1360.66,636.13,873.21,1398.66,170849.6,464.37,729.04,27496.36,0.0,0.0,19629.63,37973.88,49549.55,3184.61,60515.2
278,2020-10-05,140826.71,1588.06,41183.18,1017.14,11256.71,1925.3,1453.73,471.35,928.22,1486.53,171974.99,355.14,577.71,26930.38,3.4,6610.0,11359.25,22616.77,32725.75,3113.59,62004.3
279,2020-10-06,140803.06,1775.94,41374.36,1271.01,11436.78,2070.91,1637.07,433.62,1046.07,1674.29,171061.56,625.55,928.47,28196.1,0.0,2290.0,11171.64,22283.37,30287.27,3193.81,59638.1
280,2020-10-07,141689.94,1736.0,41260.05,1333.52,11999.1,2035.34,1684.84,350.4,1069.92,1712.43,172289.62,338.39,570.28,31845.18,0.6000000000000001,3210.0,9646.9,19565.99,29607.15,3247.23,59951.8
281,2020-10-08,142722.65,1811.16,41249.91,1336.3,11593.76,2119.6,1693.21,426.35,1067.62,1708.55,173240.4,612.29,923.95,30544.68,0.0,0.0,10300.92,20900.29,27222.53,3186.3,59907.8
282,2020-10-09,142739.33,1852.39,41289.71,1724.95,13617.9,2144.62,2021.88,122.68,1275.63,2039.86,172926.02,288.62,459.78,29071.83,10.6,31000.0,5419.98,11904.11,14051.2,3360.01,60029.6
283,2020-10-10,142900.38,1365.85,40788.86,1003.59,12272.63,1726.39,1462.36,264.03,920.51,1474.03,175462.72,212.22,381.04,32277.3,0.0,670.0,9634.75,19541.88,23094.91,2980.45,60518.1
284,2020-10-11,142916.5,916.64,40337.25,577.39,12435.46,1406.91,1174.47,232.4,738.38,1183.37,177583.44,193.26,335.62,29697.29,1.6,5310.0,9572.82,18932.68,29192.58,2425.58,61439.9
285,2020-10-12,142784.94,1060.25,40491.88,792.96,12868.96,1510.53,1306.47,204.07,822.45,1317.68,176729.93,199.81,359.64,29292.71,1.1,2430.0,12270.28,23897.01,34868.49,2643.71,61998.5
286,2020-10-13,142292.9,1121.99,40593.93,841.99,12708.4,1535.4,1335.74,199.7,843.82,1351.81,175822.36,202.27,331.66,18327.27,0.0,800.0,10828.87,21573.54,26873.96,2586.62,62506.1
287,2020-10-14,141798.11,1114.39,40626.45,1078.37,14159.3,1519.11,1493.41,25.6,947.15,1516.58,175159.76,310.21,621.94,34066.69,43.9,70760.0,3597.02,8136.09,9732.27,2343.86,60201.0
288,2020-10-15,142398.85,1165.68,40628.96,1165.68,14400.0,1556.66,1556.66,0.0,983.15,1574.16,175651.62,443.08,717.86,5773.15,6.7,34560.0,2099.07,4732.97,5569.43,2298.08,60388.6
289,2020-10-16,142908.77,1171.64,40593.48,1069.75,13747.66,1562.25,1487.79,74.44,936.2,1499.2,176290.68,447.85,724.74,6843.72,2.6,26220.0,6309.46,12890.11,19276.25,2313.42,60004.4
290,2020-10-17,142926.31,1052.56,40472.57,1027.68,14233.1,1475.44,1457.89,17.5,917.18,1468.84,176845.86,168.99,299.25,32536.05,1.4,10050.0,3910.63,8435.48,9514.42,2538.86,60214.3
291,2020-10-18,143164.66,1220.74,40621.82,820.08,12008.71,1602.41,1321.65,280.8,829.75,1329.31,176473.53,279.34,475.24,34783.76,0.0,0.0,8373.27,16530.29,21535.19,2631.98,60313.6
292,2020-10-19,143423.59,1185.9,40565.96,677.45,11502.14,1587.17,1237.17,349.94,775.19,1242.18,176992.88,197.25,325.41,24684.91,0.0,2300.0,8307.89,16548.63,17932.1,2694.3,61970.6
293,2020-10-20,142479.57,1203.74,40661.0,698.37,11546.09,1647.35,1261.12,386.2,795.84,1275.06,175775.52,318.9,500.06,26774.37,0.8,6160.0,11177.43,21847.55,26295.86,2541.65,61673.7
294,2020-10-21,141725.11,1940.71,41462.81,1093.28,9863.43,2256.43,1504.96,751.5,954.99,1529.04,171573.52,362.22,533.46,26774.6,0.0,180.0,5998.04,12421.33,15075.72,3166.52,61680.0
295,2020-10-22,142208.33,2383.96,41867.23,1485.88,9632.88,2736.13,1813.0,923.19,1147.4,1835.72,170183.97,467.07,663.59,28679.07,0.0,0.0,13186.07,26100.22,30663.53,3627.38,61285.1
296,2020-10-23,142004.34,2181.52,41681.22,1816.9,12247.13,2487.39,2106.99,380.36,1336.47,2136.63,170627.52,317.27,484.61,28936.6,0.1,1730.0,3878.11,8253.97,9987.86,3650.0,61994.5
297,2020-10-24,142297.36,1900.01,41374.13,1424.51,11717.57,2205.66,1761.07,444.59,1113.63,1782.14,172315.29,428.41,642.38,28624.97,0.0,0.0,13282.52,25792.99,33214.6,3374.54,61786.9
298,2020-10-25,141454.87,1832.95,41377.3,1215.96,10943.39,2137.45,1594.63,542.7,1014.07,1623.4,171646.96,463.97,684.21,27247.0,0.0,0.0,11543.27,22147.57,24188.44,3228.86,60968.5
299,2020-10-26,140888.09,1456.51,41045.78,1271.9,13236.35,1786.52,1640.72,145.8,1047.77,1677.11,172504.27,208.07,316.64,27909.17,2.0,13150.0,2476.87,5491.43,6536.46,3013.89,63569.5
300,2020-10-27,141555.71,1301.08,40834.09,830.26,11560.2,1663.37,1326.22,337.19,842.09,1349.11,174135.47,519.17,760.84,28727.9,0.0,0.0,11098.58,21635.29,30341.42,2759.03,60637.0
301,2020-10-28,141771.19,1445.03,40961.02,1039.08,11930.26,1782.28,1472.09,310.16,933.62,1495.08,173719.99,495.09,712.79,28518.2,0.8,2720.0,7339.43,14936.47,19230.09,2836.22,60729.8
302,2020-10-29,142360.47,1417.59,40885.02,916.82,11416.91,1755.76,1386.86,368.86,876.0,1403.12,174601.13,313.98,532.37,30535.98,2.4,11420.0,7756.87,15346.29,23961.69,2886.27,60180.8
303,2020-10-30,142929.17,1733.28,41154.54,1531.51,13160.5,2043.85,1853.35,190.47,1167.2,1867.18,173743.13,273.62,532.77,30311.75,6.3,34400.0,3312.41,7294.96,8379.68,3095.7,60531.1
304,2020-10-31,143306.04,1860.48,41250.96,1535.65,12427.92,2155.73,1853.51,302.06,1164.07,1862.23,173659.85,330.01,530.49,29033.0,0.0,0.0,5076.16,10617.33,12002.05,3363.56,60705.9
305,2020-11-01,142442.42,1839.28,41301.33,1639.19,13166.8,2142.86,1947.74,195.22,1231.26,1969.2,172661.26,363.41,570.98,26860.9,0.0,9360.0,4448.34,9465.45,10939.6,3221.36,61806.6
306,2020-11-02,142032.3,2580.29,42079.22,2013.83,11237.93,2969.51,2303.41,666.06,1461.6,2335.44,168949.68,694.09,1047.6,29835.7,0.0,310.0,6098.92,12718.03,16183.84,3808.99,60234.0
307,2020-11-03,143343.53,1781.26,41168.75,1033.85,10226.78,2080.33,1474.51,605.69,925.26,1481.71,174217.69,252.98,450.44,32735.09,0.0,1130.0,6754.43,13719.78,19108.99,3353.57,60557.3
308,2020-11-04,144596.34,1074.06,40360.18,552.71,11292.7,1506.04,1160.68,345.29,721.38,1156.17,178980.12,181.37,332.08,36138.54,0.0,0.0,9932.57,19227.86,25558.28,2707.31,61143.4
309,2020-11-05,145554.06,455.82,39667.54,256.56,13209.01,1140.77,1009.22,131.57,622.7,998.41,183059.16,163.42,269.39,28000.36,0.0,0.0,11095.07,21245.57,22640.78,2078.09,63660.0
310,2020-11-06,145123.37,495.15,39740.4,247.25,12954.43,1174.27,1006.06,168.14,622.75,998.47,182349.59,148.03,242.58,24639.42,0.0,0.0,12211.4,23344.22,24445.12,2148.38,64485.7
311,2020-11-07,144122.44,596.43,39920.76,177.95,12178.92,1270.23,971.98,298.26,605.78,971.44,180677.33,133.35,240.88,25596.98,0.0,0.0,12936.78,23102.35,23808.24,2242.68,64180.4
312,2020-11-08,143724.16,682.98,40038.69,327.01,12388.62,1296.75,1047.55,249.23,654.7,1049.5,179726.44,103.85,180.91,21093.33,0.0,0.0,10106.28,19885.97,20496.34,2235.4,64745.3
313,2020-11-09,143844.83,496.11,39841.93,440.06,14038.1,1142.04,1104.37,37.64,689.72,1105.6,180656.09,144.23,224.34,15766.77,0.0,0.0,10231.36,19617.19,21907.28,2089.96,68776.5
314,2020-11-10,144131.67,387.38,39710.6,293.54,13818.69,1080.17,1021.9,58.25,636.8,1020.98,181549.31,195.48,297.17,24640.27,0.0,0.0,9998.36,19166.33,20855.79,2094.27,66906.8
315,2020-11-11,143878.41,880.08,40223.47,756.55,13592.8,1375.72,1289.81,85.93,805.91,1291.16,178887.8,109.36,188.69,24600.74,0.0,0.0,2841.51,5906.57,6428.7,2487.59,68020.7
316,2020-11-12,143202.09,1028.52,40426.28,828.58,13145.21,1468.15,1327.36,140.8,833.15,1334.76,177362.7,332.79,512.19,26821.3,0.0,0.0,8136.19,15703.39,17879.45,2481.26,64027.4
317,2020-11-13,143079.57,1023.97,40431.89,788.24,12989.07,1512.62,1320.43,192.11,829.78,1329.3,177274.02,279.35,424.78,27275.64,0.0,160.0,9609.51,18644.94,20769.42,2488.92,64140.5
318,2020-11-14,142917.25,1754.01,41176.43,1304.88,11824.92,2067.79,1663.42,404.26,1047.12,1676.03,173731.27,295.21,470.38,27037.0,0.0,0.0,9840.1,19124.34,20403.16,3155.04,62824.2
319,2020-11-15,142111.3,1659.77,41148.65,991.2,10575.16,1977.24,1434.82,542.29,907.95,1454.09,173250.79,369.41,577.3,25668.24,0.0,0.0,7346.85,14319.56,16954.85,2905.87,61878.8
320,2020-11-16,142316.44,1471.21,40942.45,951.1,11330.07,1799.67,1407.64,392.05,889.21,1424.24,174305.85,598.72,888.72,29765.3,0.3,5350.0,8214.48,15714.56,20195.87,2714.28,61011.2
321,2020-11-17,143799.4,1455.55,40805.46,1019.8,11731.86,1784.96,1454.37,330.7,909.32,1456.32,176174.13,445.33,670.73,30103.7,0.0,40.0,3657.5,7737.34,8523.22,2750.87,60678.5
322,2020-11-18,143744.87,1508.26,40862.59,979.0,11287.99,1835.74,1428.41,407.35,893.24,1430.62,175895.63,336.51,487.72,28679.0,0.0,0.0,6372.59,12654.11,14439.33,2901.49,61238.1
323,2020-11-19,143030.33,1226.78,40639.1,712.18,11323.99,1611.31,1256.21,355.12,789.38,1264.88,176317.92,372.13,658.89,32094.86,1.9,4810.0,4043.92,8158.74,10736.07,2498.46,61309.5
324,2020-11-20,144755.34,471.4,39745.47,261.59,13006.95,1117.73,1004.59,113.18,623.2,999.35,181953.56,273.09,462.97,35737.2,0.3,3320.0,5903.51,11607.52,17523.01,1855.46,61118.1
325,2020-11-21,144809.38,228.65,39499.16,-284.07,11482.54,1008.55,763.38,245.24,473.17,759.08,183276.84,392.31,625.14,28054.2,0.0,0.0,7551.07,13985.44,16064.4,1740.16,62117.3
326,2020-11-22,143888.91,899.63,40242.22,424.85,11466.74,1381.22,1101.39,279.75,687.7,1102.36,178895.12,393.15,624.1899999999999,26859.4,0.0,1090.0,4209.63,8566.74,10663.39,2337.94,61622.2
327,2020-11-23,144108.76,752.39,40077.43,468.04,12673.06,1292.44,1119.51,172.9,698.04,1118.96,179824.72,218.4,381.07,31152.1,1.2000000000000002,8030.0,7274.79,14029.07,16704.71,2285.12,62173.2
328,2020-11-24,143919.3,181.6,39521.75,62.01,13614.38,981.56,915.35,66.17999999999999,571.17,916.11,182286.9,311.87,465.41,26885.8,0.0,0.0,9360.67,17013.63,17677.04,1724.66,63356.7
329,2020-11-25,143095.0,414.77,39820.14,175.67,12903.61,1100.21,962.97,137.19,604.32,969.11,180149.66,347.46,496.15,27180.4,0.0,0.0,8958.62,16444.28,17019.36,1947.75,62440.7
330,2020-11-26,143309.13,302.06,39690.22,154.12,13428.4,1040.95,957.01,83.94,599.68,961.67,180936.5,209.43,342.06,26069.06,0.0,0.0,3793.51,7776.33,8880.77,1861.67,64184.4
331,2020-11-27,143235.95,248.02,39641.85,109.82,13513.9,1009.61,932.59,76.93,584.63,937.59,181098.0,117.28,202.77,22865.56,0.0,0.0,4953.04,9745.66,10765.24,1885.67,66578.2
332,2020-11-28,143514.74,133.36,39504.97,-35.61,13293.19,942.84,865.68,77.15,541.55,868.65,181998.44,247.7,394.83,14512.68,0.0,0.0,1894.99,3994.75,4470.4800000000005,1617.17,65078.9
333,2020-11-29,143876.62,310.48,39653.71,-231.89,11013.86,1028.98,783.22,245.83,488.6,783.88,181682.48,177.21,279.19,15784.67,0.0,0.0,2843.07,5773.57,6114.53,1791.61,62367.1
334,2020-11-30,143546.2,232.09,39601.44,-292.11,11129.89,992.76,758.82,233.93,474.39,761.13,181639.64,286.06,436.85,26973.21,0.0,200.0,8226.75,15099.71,15683.7,1857.23,62989.1
335,2020-12-01,142495.72,152.63,39604.92,18.4,13473.3,950.8,889.76,60.98,560.51,899.0600000000001,180602.8,299.5,438.46,26252.1,0.9,15170.0,1901.99,4048.78,4457.75,1724.09,63477.4
336,2020-12-02,142656.58,5.2,39444.37,-116.24,13574.49,883.41,836.01,47.39,525.99,843.72,181509.98,223.94,322.27,18315.38,0.0,0.0,3154.28,6284.47,6859.01,1520.77,65456.7
337,2020-12-03,140961.15,-70.51,39503.59,-554.07,11223.12,849.67,662.4,187.26,421.73,676.87,179780.13,477.88,723.04,27343.1,0.0,0.0,2103.86,4406.51,4722.06,1380.03,62608.4
338,2020-12-04,139225.45,238.27,39955.4,-357.27,10682.73,997.59,734.29,263.29,473.38,759.47,176146.55,348.7,534.9,25978.89,0.0,0.0,4147.1900000000005,8118.78,9319.45,1697.72,63321.5
339,2020-12-05,140070.78,314.92,39963.37,-19.97,12207.26,1036.29,872.63,163.65,559.15,896.84,176805.13,206.95,352.49,27052.73,0.0,990.0,2531.58,5108.2,5945.62,1775.86,64433.6
340,2020-12-06,140135.46,232.76,39875.34,170.89,13972.3,989.94,959.21,30.73,614.71,985.68,177211.56,126.88,222.76,20900.99,0.0,0.0,2368.34,4796.48,5368.64,1823.23,66741.5
341,2020-12-07,140272.47,474.06,40107.32,249.3,12913.42,1115.92,997.76,118.06,638.91,1024.36,176290.59,365.08,560.85,25917.94,0.0,20.0,3692.45,7326.16,10388.43,1971.82,64679.0
342,2020-12-08,140874.19,430.32,40014.21,129.78,12463.27,1098.22,939.49,158.65,598.78,960.4,177279.1,174.17,269.3,18196.03,0.0,0.0,6599.11,12504.67,13504.13,1985.56,64362.3
343,2020-12-09,141386.18,295.77,39837.46,288.86,14351.3,1022.07,1018.44,3.63,646.84,1037.16,178484.58,116.57,203.31,23168.35,2.4000000000000004,20850.0,1960.45,4122.64,4632.94,1887.94,66929.7
344,2020-12-10,141238.62,289.43,39843.01,289.42,14400.0,1017.18,1017.18,0.0,646.89,1037.07,178325.87,157.92,236.03,22173.26,0.4,7600.0,937.37,2026.63,2251.14,1838.15,65310.5
345,2020-12-11,140375.56,299.81,39923.39,153.04,13409.9,1023.17,952.22,70.97,608.99,976.53,177218.16,330.75,503.73,26273.59,0.0,0.0,1294.04,2669.84,3007.18,1826.41,65211.4
346,2020-12-12,140186.36,424.6,40064.42,267.77,13343.3,1091.32,1007.8,83.47,645.6,1035.15,176398.4,309.79,450.99,26408.3,0.5,8920.0,3047.91,6192.75,6755.98,1912.95,63556.2
347,2020-12-13,141707.04,674.12,40191.7,587.44,13815.9,1233.77,1180.44,53.33,748.4,1199.41,177123.94,144.7,239.74,26570.9,0.0,370.0,2239.92,4666.11,5238.67,2266.22,65252.1
348,2020-12-14,142136.32,700.59,40183.6,447.48,12798.92,1253.02,1100.76,152.41,695.64,1115.13,177586.52,421.5,633.4,25782.19,0.0,0.0,6163.31,11978.83,13260.05,2065.85,63519.7
349,2020-12-15,142116.38,851.3100000000001,40336.46,434.2,11793.42,1345.94,1099.23,246.73,694.7,1113.66,176894.17,318.53,504.97,25472.6,0.6000000000000001,9540.0,2397.39,5027.91,5652.06,2220.07,63023.8
350,2020-12-16,142949.89,1072.25,40490.47,870.01,13104.79,1495.06,1352.15,142.89,850.2,1362.06,176842.38,235.2,364.94,26385.85,0.0,0.0,5965.82,11730.18,13225.51,2587.03,63965.0
351,2020-12-17,143282.48,745.41,40136.3,563.69,13213.69,1276.88,1165.44,111.4,730.88,1171.37,178789.29,429.47,661.44,25854.8,0.0,0.0,4353.19,8492.49,10030.54,2110.56,63410.5
352,2020-12-18,143720.04,480.18,39835.98,361.58,13652.24,1138.17,1060.68,77.52,662.86,1062.75,180596.81,245.89,404.08,26303.09,0.0,0.0,6599.28,12704.65,13319.31,1967.53,64140.6
353,2020-12-19,143149.88,546.73,39947.97,330.86,13036.76,1169.38,1040.17,129.3,652.71,1046.45,179582.07,351.74,560.25,25183.1,0.0,0.0,6630.67,12901.38,13548.06,1932.38,62555.3
354,2020-12-20,143228.53,480.74,39875.56,183.88,12463.56,1122.89,967.66,155.3,606.7,972.95,180004.01,396.6,600.77,24988.5,0.6000000000000001,7620.0,1890.7,3851.33,4279.31,1867.88,63146.2
355,2020-12-21,143226.38,595.05,39990.29,494.96,13736.2,1190.29,1129.36,60.91,708.46,1135.72,179414.55,351.04,526.9,26463.15,0.3,4320.0,5863.6900000000005,11661.34,12789.62,2016.64,63507.5
356,2020-12-22,142084.46,1616.3,41107.04,1304.87,12498.72,1939.32,1669.35,269.86,1057.07,1691.85,173292.36000000002,511.9,775.86,29312.9,1.7,4860.0,3116.56,6412.46,9735.34,2760.89,61130.0
357,2020-12-23,141915.74,1445.22,40949.35,1423.24,14259.2,1776.75,1757.92,18.81,1114.82,1783.93,173762.21,254.37,398.2,27604.26,7.5,30940.0,1931.24,4056.19,4449.15,2854.44,62643.4
358,2020-12-24,141382.68,940.84,40486.52,623.97,12397.55,1421.5,1213.15,208.38,771.28,1235.91,175549.72,391.75,656.57,33100.9,0.2,3900.0,4268.81,8405.74,11741.81,2306.55,60782.6
359,2020-12-25,142844.89,221.01,39645.8,13.38,12997.39,984.37,890.98,93.4,560.22,898.51,180735.29,204.24,369.78,35540.91,2.2,13930.0,1895.49,3977.52,4617.41,1744.28,61003.2
360,2020-12-26,143238.29,-9.060000000000002,39384.32,-291.42,12522.19,882.43,759.05,123.51,475.51,763.09,182365.01,407.31,628.59,28002.13,0.0,500.0,3277.2200000000003,6576.55,7653.86,1388.42,61669.0
361,2020-12-27,140052.03,133.53,39782.93,-692.34,9495.98,942.11,618.38,323.76,395.87,635.22,177716.61,816.43,1257.35,26664.3,0.0,0.0,1591.74,3159.23,3309.47,1352.85,61169.3
362,2020-12-28,137769.68,243.91,40081.29,-218.63,11507.39,998.1,793.32,204.8,516.92,829.26,174245.44,331.9,520.39,25740.2,1.5,15090.0,3107.83,6148.95,7025.96,1742.68,61887.8
363,2020-12-29,138672.94,240.45,40002.92,78.84,13317.7,997.11,916.66,80.41,593.55,951.83,175343.72,435.14,626.41,27932.54,0.0,390.0,4399.82,8597.47,11156.26,1587.82,62083.4
364,2020-12-30,140492.36,377.5,39992.05,121.18,12691.66,1065.64,935.61,130.13,597.92,958.85,177029.3,334.47,497.97,28153.65,0.0,0.0,4258.26,8308.62,10367.11,1789.97,61786.0
365,2020-12-31,140972.45,269.3,39844.29,-94.33,12030.58,1009.67,838.61,171.03,533.99,856.61,178168.34,260.68,399.71,26638.24,0.0,0.0,3902.74,7595.38,8299.12,1739.34,61860.0
366,2021-01-01,978.24,2.01,276.89,-0.66,82.4,7.06,5.82,1.24,3.71,5.95,1235.71,0.57,1.08,221.3,0.0,0.0,0.0,0.0,0.0,13.48,436.5
