date,HUFL,HULL,MUFL,MULL,LUFL,LULL,OT
2016-07-01,923.7079963684082,280.03700065612793,866.3070011138916,233.2639980316162,54.073999881744385,3.741000056266784,699.1554985046387
2016-07-02,768.9890079498291,203.9739990234375,708.1509971618652,164.5049991607666,57.283000111579895,5.2779998779296875,644.224494934082
2016-07-03,846.3079986572266,277.5220012664795,768.3090000152588,228.65199995040894,77.46499991416931,3.805999994277954,717.6130065917969
2016-07-04,899.4150047302246,290.76000022888184,837.2240028381348,243.34200048446655,63.17099988460541,2.5579999685287476,759.1414947509766
2016-07-05,914.9109916687012,281.20899963378906,844.782995223999,232.56599855422974,73.45099997520447,2.5579999685287476,765.2945022583008
2016-07-06,981.0900001525879,297.878999710083,901.5559959411621,241.48999881744385,74.47100019454956,7.675000071525574,801.5479965209961
2016-07-07,1039.810001373291,308.68499660491943,968.2510032653809,248.43399858474731,69.7789990901947,1.2369999885559082,930.307502746582
2016-07-08,1111.6839904785156,352.1589984893799,1063.4909973144531,293.0140018463135,44.57499980926514,0.0,990.2945022583008
2016-07-09,1117.0470008850098,378.2130012512207,1069.763011932373,318.5069971084595,41.93300008773804,1.2369999885559082,959.9710006713867
2016-07-10,1096.1030006408691,397.31200408935547,1035.2379989624023,334.0530004501343,56.35800004005432,0.0,939.0975036621094
2016-07-11,1088.9839935302734,390.44200134277344,1049.3679962158203,335.55199909210205,34.99199903011322,0.0,919.9814987182617
2016-07-12,1127.3509979248047,396.1389989852905,1072.9530029296875,334.85700035095215,45.22199988365173,0.0,1012.0460014343262
2016-07-13,1122.9089965820312,382.7350034713745,1072.846996307373,323.6530017852783,42.710999608039856,1.2790000438690186,978.6474952697754
2016-07-14,1100.4590072631836,367.572998046875,1051.8310012817383,311.1879997253418,48.465999245643616,0.0,907.2354927062988
2016-07-15,1091.4979972839355,382.5670003890991,1044.620002746582,324.2140007019043,47.69500005245209,0.0,889.2174987792969
2016-07-16,857.866003036499,275.177001953125,808.3559970855713,232.7779984474182,51.10700011253357,0.0,867.0250091552734
2016-07-17,1071.5590019226074,365.3960008621216,1020.362003326416,305.9619998931885,51.35300016403198,0.0,949.2060050964355
2016-07-18,1138.075008392334,402.84399795532227,1089.9210052490234,340.0020008087158,43.102999806404114,0.0,986.7759971618652
2016-07-19,1109.2569961547852,381.89899921417236,1057.8359985351562,320.49099922180176,49.79700016975403,0.0,970.7379989624023
2016-07-20,1134.6369934082031,378.71500301361084,1085.9000053405762,315.6649980545044,47.50699985027313,0.0,1025.0094985961914
2016-07-21,1192.7709999084473,400.6619997024536,1145.3269996643066,334.9910001754761,38.92300033569336,0.0,1093.5645027160645
2016-07-22,1232.8129959106445,409.62599754333496,1187.1460037231445,341.05000019073486,41.38599979877472,0.0,1124.545997619629
2016-07-23,1309.0419998168945,443.382999420166,1254.1590003967285,361.74300384521484,52.35699987411499,4.988000035285949,1139.048496246338
2016-07-24,1315.5740089416504,430.9860019683838,1261.1329956054688,351.82400131225586,52.88800013065338,2.440999984741211,1163.43550491333
2016-07-25,1286.847999572754,414.2330045700073,1243.2240104675293,340.96999740600586,38.50699985027313,4.135999917984009,1176.1814994812012
2016-07-26,1337.6080017089844,448.0760021209717,1288.60400390625,370.2680015563965,46.33300042152405,2.8359999656677246,1167.6110000610352
2016-07-27,1328.726001739502,446.0659980773926,1274.7749938964844,367.8280029296875,45.24199950695038,3.6770000457763667,1155.0869979858398
2016-07-28,1322.9469947814941,448.6619939804077,1279.6270065307617,372.145001411438,42.43999981880188,3.8489999771118164,1167.1725044250488
2016-07-29,1365.5049896240234,471.1119976043701,1311.4730033874512,385.117000579834,47.76200008392334,3.784999966621399,1168.2705078125
2016-07-30,1354.8649940490723,437.77199935913086,1311.4990005493164,363.37999725341797,36.26599967479706,1.22599995136261,1172.7634925842285
2016-07-31,1371.1200256347654,466.41600036621094,1344.5759582519531,387.9359893798827,29.16000080108642,0.0,1135.8959655761719
2016-08-01,1289.7760047912598,431.0679998397827,1243.6259994506836,356.0620002746582,50.0440012216568,1.2150000333786009,1122.275001525879
2016-08-02,1275.199993133545,438.3599977493286,1226.764991760254,361.92899894714355,43.698999643325806,4.978000044822692,1055.0380058288574
2016-08-03,1131.3709983825684,374.94799995422363,1082.900001525879,311.2680015563965,43.69799995422363,2.4840000867843623,909.7985038757324
2016-08-04,1164.5439949035645,402.92299938201904,1123.85599899292,337.24299716949463,31.622999787330627,2.4730000495910645,986.2635040283203
2016-08-05,1165.9669952392578,417.5830011367798,1115.816993713379,348.5020008087158,41.597999811172485,3.656000018119812,999.2280006408691
2016-08-06,1196.962001800537,419.93099784851074,1137.9559936523438,347.85900020599365,62.12599968910217,3.912999987602234,1029.5495071411133
2016-08-07,1161.7789993286133,398.23200130462646,1105.6289978027344,330.91500091552734,54.42300021648407,3.7519999742507935,1064.487995147705
2016-08-08,1206.1759910583496,407.113000869751,1164.4410018920898,340.0319995880127,32.0490003824234,1.3860000371932983,1065.5869979858398
2016-08-09,1210.028003692627,403.677996635437,1167.4440002441406,335.95899868011475,31.8580002784729,1.22599995136261,1065.8065032958984
2016-08-10,1245.8000106811523,256.83100032806396,1180.9810066223145,345.60700035095215,41.21500086784363,1.2150000333786009,1041.4150009155273
2016-08-11,1339.7030143737793,250.29699802398682,1183.9839820861816,335.8199996948242,34.510000824928284,3.805000066757202,1097.0060005187988
2016-08-12,984.7760009765625,366.82000064849854,942.547004699707,311.8310022354126,35.179999589920044,1.2150000333786009,1087.9970016479492
2016-08-13,1226.2780075073242,417.8370008468628,1174.0130081176758,339.6019973754883,50.2330002784729,3.656000018119812,1116.781997680664
2016-08-14,1189.0009994506836,355.67899990081787,1136.1330032348633,281.30199909210205,46.80299937725067,3.688000082969665,1129.5260009765625
2016-08-15,1178.866008758545,378.54799938201904,1125.6540031433105,304.4860010147095,50.82099986076355,6.514000058174133,1131.9420013427734
2016-08-16,768.6559982299805,214.6150016784668,728.632999420166,169.32999897003174,33.049999475479126,2.6440000534057617,1090.6335067749023
2016-08-17,967.1870079040527,301.7329969406128,934.2349987030029,247.14899969100952,29.629000544548038,2.4300000667572017,1064.4884986877441
2016-08-18,1133.4650039672852,375.4490022659302,1092.1179962158203,304.8089990615845,36.14200007915497,3.837000012397766,1106.6740036010742
2016-08-19,1273.0219993591309,434.58999729156494,1239.982006072998,357.45500087738037,19.212000131607056,5.182000041007996,1153.9160079956055
2016-08-20,1263.3080024719238,437.9400005340576,1212.9589958190918,355.6860017776489,49.19199979305267,2.4300000667572017,1022.2994918823242
2016-08-21,1200.9800033569336,419.17400074005127,1159.3779983520508,347.7239990234375,34.11199951171875,0.0,981.648006439209
2016-08-22,1233.1489944458008,452.17899894714355,1192.7489967346191,376.3799991607666,42.88199973106384,0.0,1046.2495040893555
2016-08-23,1235.8280029296875,450.00099754333496,1191.3830070495605,373.6739959716797,38.81699979305267,0.0,1094.5889854431152
2016-08-24,1204.8360023498535,434.6720027923584,1157.9029998779297,360.08199977874756,38.527000069618225,0.0,1102.06050491333
2016-08-25,1197.7980003356934,430.6499996185303,1159.5869979858398,361.87999629974365,32.02899992465973,0.0,1087.3385009765625
2016-08-26,1050.0320014953613,374.1069984436035,1008.9139976501465,317.11299896240234,36.29099977016449,0.0,930.2334976196289
2016-08-27,996.0040054321289,347.0520029067993,956.1339988708496,292.3950004577637,29.744999647140503,0.0,883.2115020751953
2016-08-28,1024.2300033569336,351.9930009841919,983.8779945373535,298.6190013885498,33.82900023460388,0.0,897.4949951171875
2016-08-29,1008.7350006103516,348.47400093078613,965.2499923706055,293.4949998855591,36.41700005531311,0.0,910.460506439209
2016-08-30,970.0359954833984,323.17699813842773,925.5500030517578,270.33499813079834,35.149999380111694,0.0,889.3649883270264
2016-08-31,1023.31201171875,321.6719970703125,955.9920043945312,256.05599212646484,61.91999816894531,0.0,803.664001464844
2016-09-01,1028.8390083312988,322.42000102996826,987.1750030517578,266.3949999809265,35.5649995803833,0.0,953.306999206543
2016-09-02,1047.3520126342773,331.4699993133545,1003.7149963378906,274.48900032043457,35.69599997997284,0.0,980.3320045471191
2016-09-03,1047.099006652832,330.0450029373169,1002.9359931945801,275.32000160217285,37.7439991235733,0.0,973.9594993591309
2016-09-04,1015.015998840332,314.6319999694824,967.7130012512207,259.29100131988525,33.784000396728516,0.0,958.3580055236816
2016-09-05,1015.8549957275391,305.7559995651245,971.7869987487793,251.68099880218506,31.36400008201599,1.2150000333786009,939.2424964904785
2016-09-06,959.8130073547363,293.9390001296997,913.5160026550293,237.82200145721436,41.06599998474121,1.662999987602234,789.170000076294
2016-09-07,944.6519966125488,298.6339979171753,891.2620010375977,241.2240014076233,48.6560002565384,0.0,761.7045001983643
2016-09-08,969.0300025939941,289.41800117492676,916.0060043334961,230.34200096130368,47.65200054645538,5.053000092506409,850.0344944000244
2016-09-09,1002.9519958496094,305.92199993133545,953.2409973144531,245.6749973297119,45.21499979496002,2.462000012397766,923.6419982910156
2016-09-10,1038.8900146484375,277.606999874115,981.8400001525879,213.64100122451782,55.52300012111664,7.440000176429748,914.4115028381348
2016-09-11,983.0989952087402,315.38600063323975,931.0970001220703,256.44999980926514,53.508999943733215,8.805000185966492,826.9634990692139
2016-09-12,1018.786003112793,329.3730010986328,965.4099922180176,265.0000009536743,44.477999806404114,10.074000000953674,863.6550006866455
2016-09-13,987.5400047302246,301.22800064086914,930.7509994506836,237.33800172805786,53.99999916553497,9.052000045776367,921.6634902954102
2016-09-14,990.9749946594238,288.6639995574951,947.3410034179688,231.5730004310608,44.71999955177307,3.8059998750686646,814.2175025939941
2016-09-15,916.5879936218262,265.5449995994568,860.1959991455078,211.87399911880493,51.11000120639801,2.665000081062317,686.7775001525879
2016-09-16,907.5419883728027,277.60599994659424,846.3940105438232,230.37000036239624,63.886000871658325,3.8910000324249268,627.0129985809326
2016-09-17,950.5980072021484,290.8410005569458,876.4119987487793,234.57799816131592,73.34499990940094,7.515000104904175,816.4159965515137
2016-09-18,970.1180000305176,281.45999908447266,884.7509994506836,217.1289987564087,87.57099795341492,16.814000010490417,853.5509948730469
2016-09-19,962.4100074768066,288.4139986038208,867.5689964294434,214.25900077819824,92.60399913787842,34.394999504089355,806.7469997406006
2016-09-20,960.7330055236816,288.5810022354126,867.78200340271,217.60799837112427,92.26899886131287,22.462999939918518,783.2374935150146
2016-09-21,965.2589988708496,288.66500091552734,874.0289897918701,219.19099807739258,94.34299993515015,19.391000032424927,741.2674922943115
2016-09-22,938.7030029296875,297.8789987564087,858.2940044403076,232.10999965667725,79.86199903488159,16.599000215530396,780.1610050201416
2016-09-23,952.9420013427734,316.13999938964844,870.4900054931641,247.60300207138062,86.485999584198,24.370999932289124,810.0424957275391
2016-09-24,1001.9509963989258,341.94000148773193,917.5610027313232,271.2439994812012,82.49599862098694,17.81499981880188,862.9985027313232
2016-09-25,952.9449996948242,305.16500091552734,867.4629993438721,236.93599939346313,86.28199982643127,22.557000041007996,901.6684913635254
2016-09-26,820.0889987945557,234.5479998588562,745.5190048217773,176.75799989700317,76.75299882888794,15.266000151634216,909.1384925842285
2016-09-27,1018.701000213623,334.4010000228882,922.1180000305176,252.9119997024536,100.07999897003174,29.68000018596649,921.6634979248047
2016-09-28,944.986988067627,306.6699981689453,865.612003326416,240.18199968338013,86.19300079345703,14.828999876976013,718.4179954528809
2016-09-29,900.8419971466064,276.2670011520386,828.1129989624023,219.99399948120117,79.48299884796143,12.20799994468689,526.5975036621094
2016-09-30,887.4400081634521,281.378999710083,820.8720073699951,230.04799890518188,70.29200041294098,2.803999900817871,552.5254955291748
2016-10-01,896.7360038757324,287.1559991836548,821.193000793457,234.65799951553345,78.10300064086914,8.932999968528748,682.8229923248291
2016-10-02,878.7270011901855,286.9909973144531,800.8210010528564,234.8210015296936,82.09799909591675,6.321999788284302,709.4074974060059
2016-10-03,913.1529960632324,307.26099967956543,834.4080028533936,251.06200075149536,77.87400007247925,10.873999953269958,784.5549964904785
2016-10-04,901.9290084838867,294.35700130462646,832.0220031738281,241.84400033950806,71.19599986076355,5.084999799728394,744.1240062713623
2016-10-05,939.3740119934082,318.4019994735718,854.1099987030029,250.87400150299072,90.12199914455414,19.926000118255615,804.1089973449707
2016-10-06,938.2829933166504,319.32500171661377,845.6969947814941,247.8470015525818,94.98200011253357,26.41100013256073,742.3690052032471
2016-10-07,959.2279968261719,301.64900398254395,855.076000213623,231.95100021362305,104.95999908447266,22.73099982738495,606.7970027923584
2016-10-08,945.3210010528564,297.3750009536743,853.8699951171875,228.5970001220703,94.22500038146973,22.397000312805176,699.7425022125244
2016-10-09,921.11399269104,286.82099962234497,834.8380031585693,218.06500053405762,88.46799969673157,28.66499972343445,634.0435009002686
2016-10-10,988.9629974365234,302.56900215148926,896.1970062255859,226.24000120162964,89.87499976158142,26.80400002002716,650.7419967651367
2016-10-11,989.0489959716797,302.65300273895264,896.1700019836426,226.18700075149536,94.23299932479858,29.91700053215027,647.4465026855469
2016-10-12,994.2419967651367,306.673002243042,908.7930011749268,233.15599918365479,86.6800000667572,29.008999824523926,609.433500289917
2016-10-13,1014.3459930419922,313.4600028991699,915.202995300293,235.54099798202515,98.61599946022034,23.646000027656555,627.8930015563965
2016-10-14,1016.3580055236816,321.41699981689453,917.1599998474121,242.51300048828125,98.88300061225891,25.481000065803528,581.5285053253174
2016-10-15,986.4520034790039,316.0550012588501,899.5999946594238,245.7800006866455,89.17799973487854,21.034000158309937,638.434003829956
2016-10-16,984.525993347168,321.58300018310547,888.5299968719482,247.57799816131592,92.9489996433258,23.549999952316284,714.2439956665039
2016-10-17,979.7519912719727,324.01499938964844,877.7520027160645,243.8800015449524,100.31999921798706,34.09399998188019,714.6835021972656
2016-10-18,976.9019889831543,321.0,878.773998260498,242.6969985961914,97.06899952888489,32.27400004863739,727.2044982910156
2016-10-19,992.818000793457,322.5069990158081,903.3289909362793,249.18400049209595,93.70699977874756,20.973999857902527,726.9890022277832
2016-10-20,936.1909999847412,301.228000164032,851.9129962921143,236.1040005683899,88.73400044441223,17.739999771118164,648.1074962615967
2016-10-21,1002.9529991149902,333.7329988479614,902.4710063934326,262.61699962615967,97.59399962425232,19.86199975013733,665.0240001678467
2016-10-22,986.1169853210449,314.7130012512207,889.5759944915771,246.23900032043457,92.96800017356873,19.57199990749359,621.5209941864014
2016-10-23,971.0380020141602,291.0920000076294,880.7030029296875,223.93599891662598,89.47700071334839,15.555999755859375,598.2294979095459
2016-10-24,977.8209991455078,307.7629985809326,879.3349990844727,236.31599855422974,101.75600028038025,25.236000061035156,641.2935009002686
2016-10-25,970.0309944152832,297.54399967193604,877.701005935669,226.91200160980225,93.93799948692322,22.077999711036682,565.2659912109375
2016-10-26,992.5669898986816,289.2520008087158,910.3759899139404,224.65900230407715,80.49499940872192,12.54699981212616,500.8909969329834
2016-10-27,933.8480110168457,261.27300214767456,847.2520046234131,200.29399871826172,89.62199985980988,15.148000001907349,507.47900199890137
2016-10-28,983.9370155334473,282.3800001144409,904.9079971313477,221.79099798202515,81.17200088500977,5.341000080108643,495.61149978637695
2016-10-29,989.6349983215332,287.2420015335083,908.5559997558594,222.86200094223022,82.0290002822876,8.67799997329712,402.23250102996826
2016-10-30,947.165008544922,286.572998046875,858.0820083618164,223.23700046539307,88.12500047683716,15.010999917984009,494.7375030517578
2016-10-31,814.2239685058594,211.10398864746094,728.9040069580077,157.6079978942871,90.3120002746582,0.0,471.44398498535156
2016-11-01,536.7849988937378,89.54599905014038,438.9969959259033,77.0930004119873,100.74299919605255,29.316999793052673,440.02549743652344
2016-11-02,492.4699993133545,110.15499973297119,388.97900009155273,73.04399943351746,108.21699929237366,37.10900008678436,488.80399894714355
2016-11-03,469.6879997253418,73.21299982070923,368.6339988708496,63.234999656677246,98.94900059700012,33.52799963951111,471.22649669647217
2016-11-04,625.1590061187744,200.20700025558472,513.2770023345947,134.46000027656555,113.0940010547638,45.632999658584595,523.7390003204346
2016-11-05,679.3589973449707,195.4309983253479,572.1440010070801,129.2849998474121,108.60599946975708,47.96799969673157,590.536994934082
2016-11-06,748.9669990539551,212.0160002708435,631.0599994659424,137.46000027656555,119.27899980545044,49.57799851894379,618.4429988861084
2016-11-07,959.0580024719238,290.84099769592285,855.7210006713867,211.8460021018982,104.45899987220764,36.073998928070075,552.7445011138916
2016-11-08,989.5500030517578,299.97400188446045,893.0089950561523,225.62400150299072,89.39500045776367,24.18899965286255,413.6569995880127
2016-11-09,1040.064998626709,339.1750011444092,927.4519996643066,251.3820023536682,113.31500053405762,43.38099992275238,420.90900230407715
2016-11-10,1029.9280090332031,306.25500106811523,930.1880035400391,223.84999799728394,101.33799862861633,34.138999700546265,421.5659990310669
2016-11-11,1037.547996520996,322.84300231933594,929.677001953125,235.97000169754028,110.8600001335144,46.7459990978241,500.66899585723877
2016-11-12,1027.245002746582,312.7919979095459,909.3040046691895,220.36999940872192,117.31399917602539,52.82099926471711,536.2654991149902
2016-11-13,991.9789962768555,294.94600200653076,875.0999946594238,202.89400100708008,114.74899983406067,59.35200119018555,603.9400024414062
2016-11-14,954.6210021972656,278.44500255584717,865.0489978790283,205.57299852371216,86.78199982643127,33.22100019454956,643.7115020751953
2016-11-15,1013.5909957885742,301.6499996185303,901.4549942016602,219.16399955749512,114.02399921417236,41.412999868392944,594.4915008544922
2016-11-16,1025.9079933166504,310.1089973449707,921.9290046691895,230.71699905395508,103.0299985408783,29.27500057220459,531.4315032958984
2016-11-17,994.9130058288574,297.6289987564087,895.7980041503906,219.99600076675415,98.95899987220764,35.35199999809265,519.5655040740967
2016-11-18,986.7040061950684,307.8460006713867,886.1969985961914,233.15500020980835,104.36499977111816,25.968000054359436,579.3279991149902
2016-11-19,1021.6329956054688,306.0900001525879,918.9560050964355,226.8320026397705,106.12199974060059,29.539999842643738,629.6450023651123
2016-11-20,1015.3489952087402,299.386999130249,908.5800018310547,219.24699926376343,111.60400009155273,25.57500028610229,595.3690013885498
2016-11-21,1019.1199951171875,299.217999458313,911.128002166748,220.5029993057251,107.62899875640869,22.549999952316284,579.3289985656738
2016-11-22,1053.215000152588,332.47599697113037,952.7299957275391,251.24999904632568,102.41299986839294,23.645000100135803,322.03149795532227
2016-11-23,1148.1229934692383,356.3479995727539,1046.3630027770996,270.5210018157959,104.41600012779236,18.850000023841858,141.63549947738647
2016-11-24,1143.767002105713,339.5099992752075,1029.4449996948242,249.72200107574463,114.24599957466125,24.92799985408783,226.6714997291565
2016-11-25,1094.2610054016113,320.33100032806396,980.5019989013672,232.59499883651733,113.54699921607971,27.50100028514862,295.225998878479
2016-11-26,1117.465000152588,339.59699726104736,1009.6660003662109,253.49999904632568,108.44799995422363,23.92300009727478,320.05499935150146
2016-11-27,1091.162998199463,331.13800048828125,967.7150077819824,241.7059965133667,123.88299942016602,38.519999861717224,378.7200012207031
2016-11-28,1066.0309982299805,314.63100147247314,961.0939998626709,234.36200189590454,103.59700012207031,19.432999968528748,384.8735017776489
2016-11-29,1090.909008026123,343.78500175476074,977.4440040588379,256.39699840545654,108.26700091362,27.802000284194946,401.7925024032593
2016-11-30,1091.9989967346191,343.36299896240234,980.4709968566895,256.2610025405884,110.42200016975403,31.64400029182434,408.825496673584
2016-12-01,1071.4780006408691,345.20699882507324,958.5740013122559,255.80899810791016,116.38700032234192,37.00599932670593,439.58500385284424
2016-12-02,1068.462013244629,346.6319999694824,963.7999954223633,259.5900001525879,107.6439995765686,42.26699912548065,453.6460008621216
2016-12-03,1097.9469985961914,354.338002204895,990.286994934082,263.5269980430603,115.52199983596802,34.718000054359436,419.3705015182495
2016-12-04,1058.492000579834,322.5059995651245,948.3590068817139,236.643000125885,113.0430006980896,34.47600018978119,495.835000038147
2016-12-05,1004.7129974365234,297.54699993133545,904.2400150299072,219.16399765014648,100.10200047492981,30.701000332832333,493.19950008392334
2016-12-06,1066.9530029296875,324.60000228881836,950.5069999694824,235.19199752807617,116.68100047111511,38.13499975204468,383.9950008392334
2016-12-07,1085.7980003356934,339.6820001602173,981.4390106201172,253.25799989700317,105.14499974250793,36.91499972343445,400.25400161743164
2016-12-08,1082.1999969482422,329.2909994125366,974.1219940185547,240.23299932479858,108.44300055503845,36.092000126838684,440.68350315093994
2016-12-09,1066.5329933166504,307.4300012588501,979.7520027160645,230.61299896240234,90.39399933815002,20.649999976158142,420.2495012283325
2016-12-10,1101.1310081481934,333.64799785614014,979.9650039672852,238.81299877166748,124.88700246810913,44.99900019168853,376.96449851989746
2016-12-11,1089.2349967956543,326.6929988861084,968.8970031738281,230.1529998779297,119.76099967956543,51.13599979877472,395.64000034332275
2016-12-12,1104.9029960632324,344.28699588775635,981.5730056762695,247.47000074386597,123.71200132369995,41.72800040245056,464.19549560546875
2016-12-13,1081.6970024108887,310.9470024108887,974.8470077514648,229.0019989013672,104.34299969673157,29.14800024032593,397.39849853515625
2016-12-14,1116.1239967346191,300.5590009689331,1003.8740005493164,216.83200025558472,111.8919997215271,27.30400013923645,286.8750009536743
2016-12-15,1169.0670013427734,336.326003074646,1034.1130027770996,233.66499948501587,134.7369999885559,46.75500047206879,270.17650175094604
2016-12-16,1049.5289974212646,279.0319981575012,925.4940052032471,191.66199922561646,122.45600080490114,31.40999948978424,289.5099997520447
2016-12-17,638.7309989929199,117.19199895858765,520.9950008392334,78.88900017738342,116.65799951553345,34.064000368118286,302.6954998970032
2016-12-18,375.0299987792969,77.81899976730347,586.8849983215332,80.14700031280518,127.37099981307983,38.89100003242493,357.1879930496216
2016-12-19,1082.3649883270264,338.5889983177185,963.4520034790039,249.8319993019104,120.78500080108643,35.735000133514404,467.05200195312506
2016-12-20,1189.757999420166,373.1029996871948,1079.6300010681152,281.48899841308594,106.9319999217987,23.345999836921692,426.1829996109009
2016-12-21,1177.5250091552734,367.74000358581543,1070.3019943237305,282.6949987411499,112.87399959564209,21.78000009059906,413.21749687194824
2016-12-22,1159.5990104675293,363.30000019073486,1047.0599937438965,276.76900243759155,107.9850013256073,24.703999996185303,402.8915014266968
2016-12-23,1200.1449966430664,383.4040002822876,1081.2909965515137,284.05999755859375,120.9429988861084,40.52000045776367,369.7370014190674
2016-12-24,1196.2060012817383,378.5450029373169,1079.3070030212402,282.61499881744385,116.51899909973145,36.79100036621094,323.86399841308594
2016-12-25,1203.0769996643066,381.2279968261719,1083.8379936218262,286.60700035095215,123.70500040054321,27.46299970149994,352.4300022125244
2016-12-26,1195.1180000305176,381.47800064086914,1085.9280052185059,293.52399826049805,104.55600094795227,22.164999842643738,345.6155004501343
2016-12-27,1247.6400032043457,390.3580026626587,1141.8700065612793,296.1229977607727,102.90499949455261,24.968999266624454,303.6470012664795
2016-12-28,1247.5519981384277,382.31700134277344,1144.5250053405762,284.2489986419678,100.2620005607605,28.721999883651733,249.8135004043579
2016-12-29,1277.5470085144043,399.9930028915405,1174.0649909973145,299.903000831604,99.52800011634827,26.331999897956848,268.71149730682373
2016-12-30,1214.7200012207031,366.9020013809204,1120.74800491333,277.0639991760254,93.62000012397766,22.36699998378754,281.8940005302429
2016-12-31,1248.4800109863281,418.1759948730469,1140.6480102539065,313.94400787353516,105.16799926757812,29.16000080108642,256.4040069580078
2017-01-01,1168.14400100708,357.0210008621216,1081.7190055847168,272.48200130462646,90.83299922943115,20.106000185012817,384.5074996948242
2017-01-02,1189.5880012512207,375.86700534820557,1090.8870086669922,283.8449983596802,93.8090009689331,26.452999711036682,455.25700187683105
2017-01-03,1154.5730056762695,364.4729986190796,1046.308994293213,270.06900215148926,106.94000005722046,39.863999366760254,431.9684991836548
2017-01-04,1173.1689949035645,376.70200061798096,1070.5390014648438,281.62099742889404,106.09299874305725,33.51099944114685,448.44849777221685
2017-01-05,1197.2129936218262,380.8930015563965,1095.9799995422363,293.49499893188477,99.510000705719,18.324999928474426,371.54649925231934
2017-01-06,1162.868007659912,355.8459997177124,1059.655990600586,266.6090006828308,105.11200022697449,25.478999733924866,345.61499977111816
2017-01-07,1162.2779960632324,350.2330026626587,1064.56400680542,262.74900007247925,99.07500004768372,25.332000255584717,364.2959957122803
2017-01-08,1178.781997680664,354.58999824523926,1087.4300003051758,271.8910002708435,93.12500047683716,16.8860000371933,317.48899841308594
2017-01-09,1233.1479988098145,395.2200050354004,1115.0670051574707,286.2579984664917,116.02000021934509,45.49899911880493,336.60600090026855
2017-01-10,1236.3299942016602,397.72900009155273,1121.9800033569336,290.73400115966797,112.28699994087219,48.21700048446655,336.6045026779175
2017-01-11,1211.451992034912,395.30199909210205,1107.830005645752,289.04799938201904,105.83800148963928,46.582000494003296,371.5425024032593
2017-01-12,1215.3889999389648,389.3539981842041,1113.670997619629,290.6539993286133,102.77399921417236,34.819000601768494,362.0944995880127
2017-01-13,1190.9309997558594,373.94000148773193,1073.4890022277832,269.8529996871948,116.45200037956238,44.968000173568726,348.6929988861084
2017-01-14,1168.48099899292,351.4900016784668,1073.9199981689453,258.9160008430481,92.17699933052063,29.866000533103943,333.9699993133545
2017-01-15,1191.7680015563965,357.4369993209839,1080.9689979553223,265.5629997253418,110.92999982833862,29.764000177383423,300.35200214385986
2017-01-16,1189.335994720459,368.07800102233887,1087.2680015563965,278.51200008392334,100.94299912452698,21.544000387191772,307.38250160217285
2017-01-17,834.4130001068115,208.49799966812134,746.9979972839355,153.2770004272461,89.05199909210205,18.7849999666214,291.121000289917
2017-01-18,1023.5619964599609,298.2150001525879,933.0529937744141,224.9779987335205,89.81700086593628,21.22600030899048,290.02199840545654
2017-01-19,1107.329002380371,337.0830011367798,1024.4079971313477,260.76700019836426,84.14700078964233,7.965000033378601,317.0485010147095
2017-01-20,1175.7680053710938,363.88999938964844,1094.718002319336,284.38300132751465,77.19999837875366,7.707999825477601,270.4675016403198
2017-01-21,1145.696002960205,357.439003944397,1061.428997039795,281.48900032043457,81.65399932861328,3.731000065803528,230.47849941253662
2017-01-22,1081.5300025939941,314.04700088500977,1010.3899917602539,251.27699995040894,67.8160011768341,0.0,256.40649914741516
2017-01-23,1087.2250061035156,321.2489995956421,1025.2680053710938,264.8680000305176,57.88799929618837,0.0,280.35550260543823
2017-01-24,1037.3840026855469,303.8239984512329,988.5960006713867,254.57399940490723,51.93600082397461,0.0,293.0980005264282
2017-01-25,1006.8889999389648,287.4079990386963,964.1769905090332,243.47900009155273,51.93600082397461,0.0,341.8790006637573
2017-01-26,937.3620014190674,246.27700090408325,894.4000034332275,208.707998752594,51.93600082397461,0.0,362.314001083374
2017-01-27,907.8799934387207,215.451997756958,861.3220062255859,178.82199907302856,51.93600082397461,0.0,313.5345001220703
2017-01-28,888.6950073242188,226.0049991607666,845.9109973907471,191.8459997177124,51.93600082397461,0.0,383.19050121307373
2017-01-29,883.584997177124,242.09000062942505,842.2359943389893,208.25500106811523,51.93600082397461,0.0,338.584002494812
2017-01-30,939.5419921875,239.74599933624268,898.2339916229248,202.5689992904663,51.93600082397461,0.0,249.15499925613403
2017-01-31,904.7039794921875,239.2320098876953,861.4320373535156,202.656005859375,51.93600082397461,0.0,166.7519989013672
2017-02-01,997.088996887207,252.81399869918823,952.088996887207,209.99599981307983,51.93600082397461,0.0,235.31350326538086
2017-02-02,1008.984001159668,266.213002204895,962.5420036315918,221.30699968338013,51.93600082397461,0.0,239.0440001487732
2017-02-03,1012.2509918212891,277.1880006790161,965.1960029602051,232.7789978981018,51.93600082397461,0.0,266.07599925994873
2017-02-04,1015.3520050048828,281.4600009918213,972.1920013427734,237.41599798202515,51.93600082397461,0.0,324.96149921417236
2017-02-05,1026.6609992980957,294.5299997329712,985.6459999084473,249.99100065231323,51.93600082397461,0.0,363.85100173950195
2017-02-06,1042.156005859375,307.42799949645996,995.484001159668,257.7089991569519,51.93600082397461,0.0,320.7864990234375
2017-02-07,1019.5409965515137,289.50200271606445,974.0929946899414,241.00799942016602,51.93600082397461,0.0,274.643000125885
2017-02-08,1132.7929954528809,332.810998916626,1072.4990043640137,270.68499660491943,60.44800138473511,0.0,197.51700162887573
2017-02-09,1129.0249862670898,336.58000087738037,1063.4390029907227,272.13200187683105,60.518001317977905,2.45199990272522,261.8989996910095
2017-02-10,1123.7469902038574,340.85200023651123,1049.4979934692383,268.1649980545044,77.17799997329712,8.858999967575073,279.9170026779175
2017-02-11,1073.655014038086,323.092999458313,1002.5900001525879,254.38600063323975,71.4520001411438,6.332000017166138,279.9165017604828
2017-02-12,1066.1969947814941,305.91900062561035,994.3579940795898,238.65199995040894,74.52200078964233,7.559000015258789,322.9840030670166
2017-02-13,1044.2509994506836,300.72900009155273,976.6679992675781,238.89200258255005,62.09000062942505,0.0,412.63200283050537
2017-02-14,1000.6099891662598,290.5899991989136,930.2659969329834,225.11699867248535,66.44100022315979,10.031000137329102,415.70749950408936
2017-02-15,1022.6359977722168,307.09399795532227,962.7300071716309,246.66800022125244,58.7200002670288,1.22599995136261,487.9990005493164
2017-02-16,1014.4299964904785,301.1490001678467,954.3129997253418,238.03500080108643,74.97600173950195,4.8820000886917105,533.9214973449707
2017-02-17,1030.0959968566895,311.5359992980957,962.0299987792969,243.82399892807007,67.33799982070923,9.626999974250793,413.51100063323975
2017-02-18,822.8560047149658,221.89999866485596,749.8630046844482,168.5010004043579,71.6029999256134,12.397999882698059,386.046498298645
2017-02-19,893.0489959716797,253.56500148773193,814.6270027160645,192.3849983215332,79.17899918556213,15.543000102043152,486.4584970474243
2017-02-20,993.070011138916,288.41200065612793,912.9759979248047,223.3980007171631,78.77900004386902,11.73799979686737,396.80999660491943
2017-02-21,1156.7530097961426,359.9519987106323,1078.0469970703125,286.0459985733032,80.35299932956696,8.752000093460083,268.70999813079834
2017-02-22,1199.0540046691895,361.7960014343262,1127.370002746582,285.1589994430542,73.15800046920776,6.289000153541564,222.7895007133484
2017-02-23,1209.944004058838,352.9139986038208,1122.4389877319336,268.11399936676025,83.2759997844696,6.641000032424927,286.51000213623047
2017-02-24,1167.390998840332,352.07600021362305,1063.0090026855469,262.91099882125854,107.65799975395203,29.87399971485138,351.1080017089844
2017-02-25,1155.6630096435547,357.0180015563965,1047.784999847412,262.7779998779297,109.16299986839294,37.29300057888031,401.86549949645996
2017-02-26,1098.7010040283203,340.7690019607544,1012.2650032043457,257.84499979019165,84.75000023841858,27.60100018978119,460.31300258636475
2017-02-27,1081.362003326416,327.61599826812744,998.8619995117188,252.3780016899109,78.42999935150146,19.936999917030334,450.64549827575684
2017-02-28,1114.4469985961914,338.2560005187988,1015.0519981384277,253.7959976196289,97.3340015411377,27.54800021648407,510.6315031051636
2017-03-01,1086.4700012207031,332.80999755859375,1003.8210067749023,256.3719973564148,86.30299973487854,17.25,468.22450160980225
2017-03-02,1102.6359977722168,336.9129981994629,1025.721996307373,260.9799995422363,83.17800056934357,19.55299997329712,394.39399814605713
2017-03-03,1085.8010063171387,324.6829996109009,1011.7030029296875,253.09900283813477,81.08499908447266,12.495999932289124,436.3625020980835
2017-03-04,1178.1969947814941,348.47400093078613,1090.137004852295,262.1870002746582,89.53600025177002,18.529000282287598,495.24799633026123
2017-03-05,1007.7280082702637,291.9300003051758,942.2740058898926,230.6620011329651,68.45000076293945,2.6230000257492065,486.23899841308594
2017-03-06,1021.3839950561523,290.67300033569336,972.1630020141602,236.64399909973145,49.7699990272522,0.0,457.23699951171875
2017-03-07,1028.2520027160645,301.0629997253418,980.4729995727539,244.76199960708618,48.91700041294098,5.51200008392334,444.2725028991699
2017-03-08,1061.3390083312988,325.9419984817505,997.7639961242676,259.1309986114502,57.72599852085114,8.93500006198883,459.21249866485596
2017-03-09,1046.8470001220703,320.16400051116943,974.4949951171875,245.51299858093262,79.31900024414062,15.20099997520447,480.7475004196167
2017-03-10,1104.2280006408691,361.3750009536743,1009.7190017700195,277.4939994812012,91.75099992752075,28.797000169754032,543.8089962005615
2017-03-11,1092.66801071167,355.92999935150146,996.8800048828125,268.3530035018921,97.63600111007692,29.77200055122375,559.8484992980957
2017-03-12,1096.6060066223145,353.5010004043579,1016.9559936523438,279.26400089263916,81.46599972248077,14.38099992275238,494.81150245666504
2017-03-13,1126.0109977722168,339.5109968185425,1087.5069999694824,279.66400146484375,33.86899995803833,0.0,335.3704996109009
2017-03-14,1233.7380065917969,363.38400077819824,1193.8989906311035,292.98600006103516,33.846999764442444,0.0,454.3800001144409
2017-03-15,1098.3660011291504,355.50800037384033,1062.2870063781738,296.49899768829346,28.700999975204468,0.0,450.20650005340576
2017-03-16,1117.9679985046387,373.019003868103,1078.047996520996,310.89300060272217,32.50800001621246,0.0,476.1319980621338
2017-03-17,1094.6819953918457,354.8390007019043,1057.003993988037,297.4100008010864,26.58900010585785,0.0,439.65949630737305
2017-03-18,1132.3759956359863,371.17299938201904,1089.3050003051758,304.0850009918213,36.69500005245209,0.0,450.4259986877442
2017-03-19,1120.2259902954102,354.67400074005127,1079.416000366211,293.0139989852905,33.68900012969971,0.0,405.3810033798218
2017-03-20,1106.0729942321777,338.25300312042236,1068.1809921264648,280.2820014953613,31.866999864578247,0.0,394.1745023727417
2017-03-21,1107.4090003967285,352.24700355529785,1073.1679916381836,295.50500202178955,26.067000031471252,0.0,498.76550102233887
2017-03-22,1154.2380027770996,351.40499782562256,1112.3059883117676,286.25600242614746,34.87299942970276,0.0,370.6659965515137
2017-03-23,1172.670997619629,361.96200370788574,1136.4279975891113,298.53699684143066,17.002999901771545,0.0,399.00800132751465
2017-03-24,1177.4430046081543,357.6079988479614,1145.3570098876953,295.32000255584717,21.888000011444092,0.0,377.25800037384033
2017-03-25,1133.2980003356934,349.39599990844727,1098.1549987792969,289.8759994506836,22.623000025749207,0.0,454.3819999694824
2017-03-26,1026.0740013122559,293.1019992828369,994.3600044250488,241.76200008392334,25.385000109672546,0.0,502.93850326538086
2017-03-27,1061.344009399414,329.62800121307373,1044.6720008850098,282.24099922180176,6.3540000915527335,2.131999969482422,559.6274967193604
2017-03-28,1019.7929992675781,305.5830020904541,992.2949981689453,258.1659998893738,13.985999941825867,0.0,611.2645034790039
2017-03-29,1044.922004699707,315.55299854278564,1014.6519927978516,264.03700017929077,18.67900013923645,0.0,573.6925010681152
2017-03-30,1083.7080039978027,341.1889991760254,1049.819995880127,286.875,23.76300024986267,0.0,447.1294984817505
2017-03-31,1077.6000366210938,373.94400787353516,1038.3359985351565,310.7279891967774,30.696001052856445,0.0,361.88399505615234
2017-04-01,1043.2489929199219,315.4690008163452,1018.4299964904785,267.49399995803833,9.882999897003174,0.0,534.5800046920776
2017-04-02,1062.0079956054688,326.19299697875977,1043.3619995117188,278.72500228881836,0.0,0.0,604.0144958496094
2017-04-03,1037.884994506836,322.5089979171753,1017.598991394043,273.1250009536743,7.227999925613403,0.0,682.4554958343506
2017-04-04,971.4580039978027,287.3239994049072,954.9550018310547,244.5239987373352,0.0,0.0,665.5374984741211
2017-04-05,1021.7169990539551,305.5829973220825,1000.7390022277832,257.33599948883057,8.27400004863739,0.0,613.6805038452148
2017-04-06,957.7190017700195,275.9329996109009,933.1339988708496,231.657000541687,11.910000085830688,0.0,548.6445026397705
2017-04-07,629.766996383667,136.2059998512268,597.1530017852783,121.32400012016296,25.555999875068665,0.0,557.8730010986328
2017-04-08,836.9270057678223,238.0699987411499,808.4870014190674,199.24799871444702,18.69000005722046,0.0,649.4950008392334
2017-04-09,1062.1760025024414,327.78400230407715,1034.1669960021973,275.3479995727539,20.299999833106995,0.0,464.0484962463379
2017-04-10,1109.4290046691895,153.37900066375732,1098.4219818115234,130.73299980163574,11.150000214576721,0.0,332.6775007247925
2017-04-11,1216.3200073242188,0.0,1215.9119567871094,0.0,0.0,0.0,239.99849891662598
2017-04-12,1216.3200073242188,0.0,1215.9119567871094,0.0,0.0,0.0,388.60649585723877
2017-04-13,1183.1460075378418,15.329999446868896,1183.6899642944336,78.43299865722656,0.0,-208.01599884033206,469.68800497055054
2017-04-14,621.8089942932129,-27.140999317169182,1037.0339965820312,178.6599998474121,1.3539999723434448,-755.0879974365236,710.9475040435791
2017-04-15,523.047004699707,-64.75399827957153,1063.2789993286133,110.17100095748901,63.649998903274536,-755.0879974365236,794.4430027008057
2017-04-16,1060.5839958190918,55.119999408721924,955.3040084838867,230.36699962615967,106.04200077056885,-755.0879974365236,859.26100730896
2017-04-17,1711.298999786377,391.86800050735474,881.6360168457031,399.2179956436157,223.06800150871277,-755.0879974365236,828.5009956359863
2017-04-18,2337.292999267578,689.0759963989258,1587.5630264282227,571.9240036010742,285.83099937438965,-755.0879974365236,1009.1164970397949
2017-04-19,2108.7770042419434,602.7129993438721,2013.245994567871,524.318998336792,278.2590026855469,-755.0879974365236,966.9280014038086
2017-04-20,1052.8830070495605,113.75699996948242,2119.1519165039062,271.67599964141846,103.61600184440613,-755.0879974365236,754.0129985809326
2017-04-21,1040.4809951782227,95.66400003433228,2119.1519165039062,256.0229983329773,119.38400053977966,-755.0879974365236,706.5535068511963
2017-04-22,1077.8430061340332,104.87900066375732,2119.1519165039062,264.16900062561035,118.9500002861023,-755.0879974365236,679.7460079193115
2017-04-23,1082.5329971313477,131.68299961090088,2119.1519165039062,273.31200218200684,123.3400011062622,-755.0879974365236,692.7110042572021
2017-04-24,1056.8169975280762,205.14899826049805,2119.1519165039062,258.13999938964844,118.66100037097931,-705.4169940948486,774.0069980621338
2017-04-25,868.2549991607666,299.4709963798523,2119.1519165039062,259.45299911499023,-93.69299864768982,-675.7679901123046,754.6724967956543
2017-04-26,683.2929973602295,174.4079999923706,2119.1519165039062,254.25499773025513,-238.6230001449585,-675.7679901123046,647.883996963501
2017-04-27,597.0980043411255,145.75700092315674,2119.1519165039062,226.93599891662598,-255.73599910736084,-675.7679901123046,684.7994976043701
2017-04-28,692.6769962310791,199.61899948120117,2119.1519165039062,251.1179976463318,-245.40300083160398,-675.7679901123046,687.216007232666
2017-04-29,691.6729984283447,186.21600008010864,2119.1519165039062,235.97199773788452,-224.54100131988525,-675.7679901123046,773.1284942626953
2017-04-30,725.7650012969971,186.04899978637695,2119.1519165039062,222.40499782562256,-163.20499992370605,-675.7679901123046,817.5150012969971
2017-05-01,498.2510004043579,70.36500024795532,2119.1519165039062,135.61200046539307,-159.43899965286255,-675.7679901123046,745.4430027008057
2017-05-02,344.117995262146,0.0,2119.1519165039062,87.92199873924255,-176.42300081253052,-675.7679901123046,566.5860004425049
2017-05-03,693.0130014419556,153.71200037002563,2119.1519165039062,198.2569990158081,-150.45499992370605,-675.7679901123046,647.0054988861084
2017-05-04,668.1349983215332,144.7509994506836,2119.1519165039062,178.92700052261353,-110.73600029945374,-675.7679901123046,618.881498336792
2017-05-05,483.25800132751465,17.25600004196167,2119.1519165039062,111.61899995803833,-90.64200043678284,-675.7679901123046,733.3584995269775
2017-05-06,464.58000087738037,44.39699983596802,2119.1519165039062,123.20000004768372,-100.7639992237091,-675.7679901123046,726.7675018310547
2017-05-07,561.5810060501099,114.92899894714355,2119.1519165039062,184.20900058746338,-134.68500018119812,-675.7679901123046,771.3720016479492
2017-05-08,630.5219955444336,161.16800117492676,2119.1519165039062,220.60999822616577,-202.5670027732849,-675.7679901123046,633.3825016021729
2017-05-09,718.8989963531494,187.8070011138916,2119.1519165039062,230.31399965286252,-170.61500144004825,-675.7679901123046,692.7090015411377
2017-05-10,754.4160022735596,191.99799966812134,2119.1519165039062,221.90099573135376,-127.1160008907318,-675.7679901123046,809.3895015716553
2017-05-11,791.6889953613281,204.81200122833252,2119.1519165039062,229.4020013809204,-124.31200003623962,-675.7679901123046,846.2985000610352
2017-05-12,733.7259941101074,187.22100019454956,2119.1519165039062,220.2890009880066,-148.52300024032593,-675.7679901123046,704.5754928588867
2017-05-13,674.25,176.667001247406,2119.1519165039062,222.5659999847412,-185.91300058364868,-675.7679901123046,831.5770072937012
2017-05-14,678.8560009002686,158.5740008354187,2119.1519165039062,204.61099815368652,-189.3130006790161,-675.7679901123046,859.7010021209717
2017-05-15,795.5479965209961,186.71799898147583,2119.1519165039062,206.99399757385254,-79.16200041770935,-325.5089948177337,744.9820022583008
2017-05-16,792.9479942321777,198.02699947357178,2119.1519165039062,215.54299974441528,-93.60499978065491,-27.303000807762142,784.4074974060059
2017-05-17,739.6700057983398,195.6790008544922,2119.1519165039062,215.83899927139282,-95.50500059127808,-30.58500027656555,785.94700050354
2017-05-18,806.3519992828369,242.00700187683105,2119.1519165039062,258.0069980621338,-92.02500128746033,-27.357999563217163,868.5630073547363
2017-05-19,711.1049938201904,183.03500127792358,2119.1519165039062,219.88799953460693,-136.6679995059967,-46.63199973106384,832.0900020599365
2017-05-20,653.8950042724609,186.30199766159058,2119.1519165039062,249.5609998703003,-261.17900013923645,-66.84899997711182,877.7909965515137
2017-05-21,581.2669982910156,133.27499866485596,2119.1519165039062,203.80299949645996,-252.92300128936768,-70.92000102996826,870.5405006408691
2017-05-22,631.9450044631958,158.1560001373291,2119.1519165039062,230.77099990844727,-258.52100467681885,-79.57899951934814,912.9489860534668
2017-05-23,711.3570003509521,177.8420000076294,2119.1519165039062,223.61500215530396,-206.75400280952454,-64.14200043678284,736.9459991455078
2017-05-24,612.9320030212402,142.82499980926514,2119.1519165039062,212.7569990158081,-278.1460018157959,-65.29400038719177,767.928503036499
2017-05-25,651.2109966278076,182.7829990386963,2119.1519165039062,234.52600240707397,-236.7170009613037,-62.16999912261963,797.8119964599609
2017-05-26,364.7219944000244,111.57600116729736,2119.1519165039062,214.8669948577881,-281.22799253463745,-62.09800148010254,736.9444923400879
2017-05-27,197.94400215148923,55.70699977874756,2119.1519165039062,217.1449956893921,-287.33699321746826,-67.42800092697144,797.8084926605225
2017-05-28,713.3690013885498,213.94500160217285,2119.1519165039062,265.6990022659302,-244.98999786376953,-69.25800013542175,956.8939990997314
2017-05-29,701.2229957580566,220.05900049209595,2119.1519165039062,275.48199939727783,-252.15199756622314,-72.15499997138977,959.9709968566895
2017-05-30,690.2479953765869,205.65099954605103,2119.1519165039062,257.46899938583374,-237.27800178527832,-69.10999941825867,905.2585029602051
2017-05-31,693.5999908447267,219.14398956298828,2119.1519165039062,282.43199157714844,-246.91200256347656,-66.79199981689452,880.4280395507812
2017-06-01,785.1549968719482,229.27399969100952,1625.9279556274414,274.27899742126465,-227.92899990081787,-61.8800003528595,979.7470092773438
2017-06-02,788.3400039672852,237.81700134277344,1039.5809936523438,285.37199878692627,-248.02699947357178,-62.83600044250488,941.5134925842285
2017-06-03,770.0799942016602,231.61800003051758,1020.5509986877441,278.72599601745605,-246.7060022354126,-67.88200068473816,947.8845100402832
2017-06-04,695.4419994354248,198.10999822616577,953.5869979858398,251.0099983215332,-252.14199829101562,-62.87400150299072,879.3295001983643
2017-06-05,674.5000019073486,193.58699941635132,919.5160026550293,240.28699922561646,-241.88700103759766,-62.53699970245361,644.4434967041016
2017-06-06,620.3849983215332,176.91799926757812,896.6789989471436,235.514000415802,-268.42899894714355,-65.45099949836731,674.1064987182617
2017-06-07,686.9800033569336,202.63500118255615,930.775993347168,245.13999843597412,-241.95100116729736,-63.01499950885773,810.5564956665039
2017-06-08,736.9919967651367,216.70800018310547,967.7410011291504,249.85400152206418,-229.08999872207642,-63.05100059509277,883.505500793457
2017-06-09,771.8370037078857,228.60200119018555,993.0449981689453,262.93899965286255,-214.58100128173828,-55.35300028324127,916.0250015258789
2017-06-10,718.9829959869385,212.52100229263306,958.2789916992188,258.5419988632202,-233.29300022125244,-60.089000940322876,706.1880054473877
2017-06-11,757.8489933013916,231.78300046920776,968.8959922790527,266.93099880218506,-211.22199964523315,-61.31700074672699,840.8780059814453
2017-06-12,764.298002243042,239.82699966430664,986.048999786377,275.6440010070801,-219.55899953842163,-56.14700090885162,808.7980041503906
2017-06-13,399.15699911117554,57.54799938201904,624.0909957885742,142.31400060653687,-218.95600175857544,-60.32200002670288,753.4235000610352
2017-06-14,553.2039957046509,136.37399911880493,778.2009963989258,191.09899997711182,-224.1569995880127,-56.03600013256073,771.665002822876
2017-06-15,681.1159954071045,191.0739984512329,898.7979946136475,225.70499801635742,-219.48500108718872,-55.67700004577637,823.3000011444092
2017-06-16,684.6309986114502,192.91599941253662,896.7870006561279,229.43099927902222,-211.85099935531616,-53.38099932670593,855.3799991607666
2017-06-17,694.8519992828369,216.3720006942749,900.5659923553467,247.98000144958496,-203.51299953460693,-42.91900098323822,862.6289958953857
2017-06-18,708.42799949646,211.26399993896484,908.2050018310547,241.9220027923584,-188.22600197792053,-44.03499960899353,853.6224975585938
2017-06-19,858.2889957427979,257.2509994506836,904.5059871673584,240.55300092697144,-38.060999751091,-3.8270000219345093,810.117992401123
2017-06-20,908.1299934387207,273.5850019454956,944.0979957580566,252.69800281524658,-28.98800003528595,-3.8270000219345093,898.2279987335205
2017-06-21,925.6380004882812,284.0570001602173,970.39599609375,269.1579990386963,-35.57700002193451,-10.245000004768372,884.3839988708496
2017-06-22,863.7310028076172,238.48800086975098,915.603006362915,241.94799900054932,-41.5579993724823,-15.554000496864319,862.4099960327148
2017-06-23,871.9419975280762,239.91400051116943,960.9600067138672,258.38000106811523,-84.49200069904327,-40.202000856399536,828.5744972229004
2017-06-24,726.184003829956,185.5460000038147,948.1469917297363,250.5,-210.63699674606323,-91.66399884223938,910.3140029907227
2017-06-25,745.2010040283203,166.7799997329712,980.2329978942871,245.5409984588623,-226.94899940490723,-93.17900085449219,939.5335083007812
2017-06-26,751.5670013427734,182.864999294281,959.4850044250488,248.0900011062622,-206.76599979400635,-91.7939989566803,917.3430023193359
2017-06-27,824.613000869751,212.6890001296997,1038.8310012817383,276.9610013961792,-204.20699882507324,-90.35600101947784,925.4734992980957
2017-06-28,852.840991973877,223.4070019721985,1056.0669898986816,273.36399841308594,-199.28300285339355,-80.64400219917299,913.6060066223145
2017-06-29,910.8079967498779,258.9279999732971,1085.012996673584,293.76599979400635,-169.14300084114075,-67.25000047683716,943.052001953125
2017-06-30,819.7559967041016,228.85499811172485,1030.4409980773926,281.75400161743164,-201.02000045776367,-77.9759989976883,834.2860050201416
2017-07-01,765.306999206543,217.96399927139282,974.4429969787598,277.86799812316895,-204.93300104141235,-86.87100028991699,743.3189964294434
2017-07-02,695.7750053405762,186.46799993515015,926.7799911499023,248.67699909210205,-216.30600118637085,-80.90899956226349,713.6579971313477
2017-07-03,700.8019981384277,196.52000093460083,923.6729927062988,229.78300094604492,-219.51999950408936,-54.537001609802246,873.6180057525635
2017-07-04,822.9359970092773,261.35500049591064,1036.5260009765625,281.16600131988525,-205.50899934768677,-42.7799997329712,974.6920013427734
2017-07-05,846.3910007476807,263.86999893188477,1071.1059951782227,282.93399810791016,-218.33200073242188,-38.65700030326843,970.2970008850098
2017-07-06,894.2229976654053,266.63400173187256,1114.0480117797852,274.0600004196167,-213.5490002632141,-27.359000205993652,1005.6739921569824
2017-07-07,890.2020072937012,283.47200202941895,1110.4279899597168,286.6339998245239,-212.87599849700928,-26.087000370025635,995.1260032653809
2017-07-08,880.9880104064941,308.76899909973145,1106.1689910888672,310.1969985961914,-217.92999982833862,-16.163000106811523,971.6155128479004
2017-07-09,800.9090003967285,277.02099800109863,1031.725009918213,290.7879991531372,-229.79399919509888,-29.395999670028687,920.4200019836426
2017-07-10,778.8730030059814,272.7490015029907,1033.2019958496094,299.5820026397705,-253.70900011062622,-49.06399965286255,833.1874961853027
2017-07-11,849.6590042114258,290.8399991989136,1087.8050003051758,307.5449981689453,-230.15800094604492,-38.871999859809875,982.163501739502
2017-07-12,916.9260101318359,291.42899799346924,1111.7940063476562,289.12499809265137,-183.7369999885559,-15.72599971294403,1034.8985023498535
2017-07-13,989.2969932556152,311.0309991836548,1171.4389915466309,302.1300001144409,-181.35000038146973,-17.804999947547913,1049.6189994812012
2017-07-14,976.0629959106445,290.67599868774414,1156.3739929199219,284.8940010070801,-176.7660002708435,-15.141999959945679,1043.6855010986328
2017-07-15,1005.8850021362305,323.51200103759766,1202.3460006713867,314.9670000076294,-187.28800010681152,-17.710999965667725,1091.8050079345703
2017-07-16,1023.4750137329102,312.45299911499023,1207.811996459961,300.6519994735718,-174.96199893951416,-18.73200023174286,1113.1194877624512
2017-07-17,1064.691005706787,328.03700256347656,1250.5159950256348,318.3169984817505,-180.76400089263916,-17.913999915122986,1131.1380043029785
2017-07-18,1053.2979927062988,349.47800064086914,1207.277000427246,331.96299743652344,-153.44899940490723,-13.397000312805174,1103.0125007629395
2017-07-19,974.8059959411621,291.3430004119873,1148.2000007629395,285.93799686431885,-170.71199941635132,-14.210999608039854,1094.8819999694824
2017-07-20,995.6659927368164,309.35500144958496,1181.0319862365723,304.70500087738037,-181.3619999885559,-16.81000030040741,1102.79150390625
2017-07-21,993.5730056762695,309.4399995803833,1186.0210037231445,307.59700202941895,-186.22300148010254,-22.818000078201294,1123.0074996948242
2017-07-22,1019.1230010986328,319.99299907684326,1206.8760032653809,313.35700035095215,-184.12299919128418,-21.152999997138977,1146.2995109558105
2017-07-23,1037.381992340088,316.7269992828369,1223.2280006408691,312.983998298645,-179.66500043869019,-23.781000018119812,1152.8905029296875
2017-07-24,1016.5229949951172,316.8950033187866,1215.5620002746582,316.334997177124,-193.10800170898438,-29.927000284194946,1157.9454956054688
2017-07-25,1053.8830070495605,332.72700214385986,1251.6160011291504,328.20999908447266,-191.86099863052368,-31.08799934387207,1164.976001739502
2017-07-26,1094.2629890441895,334.15099906921387,1276.1139907836914,323.9750003814697,-179.5600004196167,-27.645000100135803,1166.9535026550293
2017-07-27,1053.2139930725098,311.69800090789795,1253.9720077514648,309.875,-197.1299991607666,-30.146000266075134,1193.5389976501465
2017-07-28,1063.0999870300293,305.8360004425049,1267.6169967651367,304.24499893188477,-199.0569977760315,-26.771999835968018,1198.5954933166504
2017-07-29,993.9060001373291,300.8099980354309,1189.5860061645508,296.76599979400635,-190.53800010681152,-22.575999975204468,1137.511001586914
2017-07-30,976.903003692627,284.4739999771118,1160.1529998779297,283.524001121521,-178.20700073242188,-21.707000136375427,1013.5839920043945
2017-07-31,946.9200439453125,293.5199890136719,1120.0559692382812,277.2720108032226,-175.53600311279297,0.0,959.5199890136719
2017-08-01,880.2349948883057,274.08899879455566,1090.8869857788086,280.81800079345703,-204.51799821853638,-25.806999921798706,954.2565002441406
2017-08-02,813.9769992828369,234.72000074386597,1045.9069938659668,258.8090009689331,-223.74100017547607,-43.95599985122681,856.6984901428223
2017-08-03,809.44899559021,223.32399797439575,1039.5830039978027,248.6540012359619,-224.91100120544434,-45.23500049114227,962.8260040283203
2017-08-04,905.0299949645996,260.3509998321533,1118.5749969482422,270.4430003166199,-208.04800033569336,-30.00100016593933,1064.1240043640137
2017-08-05,952.0230007171631,278.6119990348816,1170.8770027160645,282.82800006866455,-209.84000158309937,-28.011000514030457,1093.343994140625
2017-08-06,976.1479988098145,273.83599948883057,1181.9179992675781,276.0970001220703,-205.07400131225586,-26.53999972343445,1115.3169975280762
2017-08-07,992.3130073547363,288.1599979400635,1201.218994140625,293.8470001220703,-201.5519986152649,-28.647000312805176,1119.9320068359375
2017-08-08,761.1160011291504,234.38299942016602,991.5990028381348,255.75300216674805,-223.9830002784729,-35.617000460624695,803.5220012664795
2017-08-09,725.6829948425293,230.2770004272461,954.0710029602051,256.314998626709,-227.1739993095398,-36.153000235557556,852.7425022125244
2017-08-10,801.1590003967285,252.5629997253418,1020.3339920043945,269.44900131225586,-215.2540020942688,-34.766000390052795,987.6535034179688
2017-08-11,912.9029960632324,294.7789993286133,1111.875,295.55699920654297,-195.54199886322021,-25.269000649452206,1008.5295028686523
2017-08-12,846.4760036468506,263.36699867248535,1006.8220062255859,261.382999420166,-152.99999868869781,-18.997999787330627,851.8650054931641
2017-08-13,939.3720016479492,269.3950004577637,976.4260025024414,241.78899955749512,-27.324999928474426,0.0,867.2450065612793
2017-08-14,896.0659942626953,232.79299879074097,946.433012008667,226.8550009727478,-43.473000288009644,-16.20499992370605,888.5594940185547
2017-08-15,946.9970054626465,259.0949993133545,997.7080001831055,260.98199939727783,-43.389999985694885,-23.40000021457672,937.3379974365234
2017-08-16,904.1899909973145,243.09800243377686,949.9150009155273,244.173002243042,-40.84299957752228,-18.451000094413757,855.8185024261475
2017-08-17,972.5470085144043,264.118999004364,1002.6710052490234,254.01200103759766,-20.403000116348267,-15.842000007629395,943.7125015258789
2017-08-18,998.0089988708496,270.40200185775757,1036.711009979248,261.7060012817383,-28.432000160217285,-13.880000114440918,1007.6510047912598
2017-08-19,1036.6279983520508,291.42699909210205,1072.3900108337402,281.4060001373291,-23.7009996175766,-15.215000033378601,997.7649993896484
2017-08-20,795.7939949035645,188.6449990272522,855.0510120391846,205.57499885559082,-53.62399959564209,-38.79799997806549,839.999490737915
2017-08-21,723.5889987945557,173.06499910354614,765.1159954071045,187.55999946594238,-31.504000186920166,-16.47099983692169,952.0600051879883
2017-08-22,717.6409893035889,160.91799926757812,771.1739921569824,178.74199962615967,-44.075000166893005,-23.45300030708313,1004.1345138549805
2017-08-23,663.7809963226318,126.06899976730347,740.9379920959473,164.15700149536133,-69.91999971866608,-40.4089994430542,1033.360496520996
2017-08-24,802.4140014648438,187.0509991645813,821.0870018005371,179.356999874115,-5.608999848365784,-7.813999891281127,1021.9334907531738
2017-08-25,719.9869995117188,152.625,783.2089996337891,172.87099981307983,-53.23400044441223,-27.649999618530273,888.3399963378906
2017-08-26,748.8859958648682,155.89299964904785,808.5150051116943,186.05899906158447,-50.87500035762787,-43.543999910354614,844.616003036499
2017-08-27,981.4249992370605,256.91800117492676,1026.2060050964355,255.64499759674072,-30.15000009536743,-20.97100031375885,965.6855010986328
2017-08-28,1084.6289978027344,285.5649995803833,1121.4179992675781,267.79000091552734,-23.913000106811523,-12.995999932289124,1063.9029998779297
2017-08-29,991.2250022888184,262.19500064849854,1030.8689994812012,256.1540002822876,-31.74899995326996,-14.9590003490448,905.919994354248
2017-08-30,910.1390037536621,248.62300062179565,949.1940002441406,244.03900051116943,-28.361000061035156,-16.055999875068665,803.5284957885742
2017-08-31,818.2560424804688,215.11200714111328,873.6480102539062,215.51998901367188,-46.823999404907234,0.0,764.4120025634766
2017-09-01,808.4450035095215,202.21499729156494,860.7050037384033,203.64099979400635,-44.134999394416816,-13.740999937057495,764.6325035095215
2017-09-02,862.055009841919,227.84899854660034,913.0600051879883,224.33699893951416,-41.27000093460083,-8.870000123977661,784.8494987487793
2017-09-03,847.9839992523193,210.50900030136108,909.1699981689453,212.51499795913696,-52.84499955177307,-19.670000195503235,712.777997970581
2017-09-04,869.8480033874512,230.77900075912476,931.984001159668,231.51900005340576,-47.47499990463257,-20.051999926567078,784.1880035400391
2017-09-05,972.6299991607666,275.09000301361084,941.4980010986328,234.95399951934814,38.11099898815155,6.417999982833862,854.9394912719727
2017-09-06,1016.439998626709,293.01900005340576,928.0720024108887,226.9620018005371,89.80800008773804,10.617999911308289,811.653491973877
2017-09-07,1042.0730094909668,306.17199993133545,949.0320053100586,235.97100067138672,91.12100005149841,13.954999923706055,833.4070053100586
2017-09-08,1014.3440017700195,292.0970001220703,972.620002746582,247.096999168396,44.16199898719788,3.741000056266784,867.9040012359619
2017-09-09,954.955005645752,266.55200004577637,1004.7339973449707,257.3349986076355,-42.66599988937378,-6.759000062942505,891.195011138916
2017-09-10,906.2859954833984,234.1320023536682,1012.3729934692383,251.4930009841919,-99.46099960803984,-38.9000005722046,875.3750038146973
2017-09-11,766.3949966430664,184.96099948883057,953.9630165100098,238.57199573516846,-186.67000102996826,-72.91199958324432,767.2684993743896
2017-09-12,779.8809967041016,199.5349988937378,969.5110015869141,249.56200122833252,-186.4350004196167,-72.21699953079224,841.9765071868896
2017-09-13,784.3199977874756,196.01699924468994,974.3369979858398,246.0220012664795,-187.77700185775757,-74.33299922943115,844.8324909210205
2017-09-14,742.8529987335205,138.96999835968018,915.2280044555664,193.88600206375122,-165.89999866485596,-65.021000623703,849.4490089416504
2017-09-15,826.790994644165,86.02999973297119,969.8339958190918,138.88099825382233,-140.87999963760376,-60.165998697280884,824.6184997558594
2017-09-16,807.1910037994385,4.690999984741211,956.75,78.03299963474274,-143.61800003051758,-56.98199987411499,828.1335029602051
2017-09-17,788.5099964141846,0.0,978.1969947814941,70.39099955558777,-186.34999990463257,-61.2670019865036,858.8960018157959
2017-09-18,799.6489868164062,0.0,963.318000793457,55.56999981403351,-159.67200088500977,-51.382999777793884,862.4119930267334
2017-09-19,797.4720096588135,0.0,984.8979988098145,71.62399911880493,-186.33799982070923,-63.292001605033875,801.3270053863525
2017-09-20,785.7440013885498,0.0,964.580997467041,63.609999895095825,-175.24400186538696,-63.81799936294556,705.0869979858398
2017-09-21,785.8270015716553,0.0,969.0840072631836,63.530999302864075,-180.54300022125244,-67.62799954414368,724.2069969177246
2017-09-22,790.8519973754883,0.0,963.6410064697266,68.30200064182281,-169.08899784088135,-60.549999713897705,759.8009910583496
2017-09-23,742.1809997558594,-4.5229997634887695,925.4429893493652,29.86199986934662,-182.38700151443481,-74.21499979496002,687.9500026702881
2017-09-24,750.7289981842041,0.0,941.0419960021973,54.25499987602234,-186.2730016708374,-68.29399824142456,650.3755054473877
2017-09-25,790.262996673584,4.440000057220459,969.1890029907227,78.3809996843338,-174.85900020599365,-59.66099977493286,767.2690086364746
2017-09-26,822.5179958343506,9.466000080108643,1016.7409973144531,96.98200011253357,-193.54000186920166,-63.255998849868774,859.1170043945312
2017-09-27,792.2780075073242,4.941999912261963,965.5419960021973,81.86499965190887,-168.66399908065796,-56.541998744010925,774.961503982544
2017-09-28,667.3789958953857,0.0,845.2910041809082,42.03200006484985,-178.45199918746948,-58.212000608444214,719.5895023345947
2017-09-29,628.1760025024414,0.0,821.8640003204346,43.316999673843384,-188.21699953079224,-68.00700116157532,658.285493850708
2017-09-30,735.5649967193604,4.859000205993652,921.9830074310303,82.21200060844421,-177.67300176620483,-60.682000398635864,650.379508972168
2017-10-01,765.9739971160889,0.0,934.6900062561035,85.18899977207184,-166.46500062942505,-53.73400068283081,838.6814994812012
2017-10-02,721.6640014648438,4.690999984741211,893.7850074768066,71.75899934768677,-172.11700105667114,-48.22000026702881,693.0030002593994
2017-10-03,673.3249931335449,0.0,845.5070037841797,44.04200041294098,-165.09399843215942,-60.33099853992462,633.4555015563965
2017-10-04,621.3080005645752,-4.105000019073486,806.7719955444336,18.33299994468689,-183.27199935913086,-63.70200181007386,590.3900012969971
2017-10-05,675.169994354248,0.0,863.5210037231445,44.98100018501282,-183.32200145721436,-68.19700050354004,489.31700325012207
2017-10-06,758.9390068054199,0.0,933.5340042114258,72.6159999370575,-173.49300050735474,-53.97199904918671,608.8465042114258
2017-10-07,777.367000579834,9.717000007629395,941.0699996948242,73.92899930477142,-161.50000047683716,-49.063000440597534,731.0159969329834
2017-10-08,775.1039981842041,13.233999729156494,936.9400043487549,84.4379997253418,-156.6260004043579,-45.43400061130524,819.1255016326904
2017-10-09,823.3549976348877,45.988999366760254,983.4240074157715,98.99399995803833,-155.78700065612793,-42.424999952316284,863.9479923248291
2017-10-10,778.8769969940186,9.381999969482422,954.6859931945801,46.69699943065643,-169.7280011177063,-49.074000000953674,806.1624965667725
2017-10-11,759.3569946289062,4.775000095367432,965.5700073242188,35.19600009918213,-202.0760006904602,-64.32099914550781,536.9959983825684
2017-10-12,697.2849960327148,0.0,966.3739967346191,40.073999881744385,-269.0069990158081,-87.58999848365784,477.0110034942627
2017-10-13,659.923999786377,-17.25600004196167,910.9120025634766,18.656999945640564,-247.37399768829346,-80.55600023269653,589.949499130249
2017-10-14,768.6569957733154,0.0,996.1000022888184,46.26599955558777,-223.85699939727783,-74.76399850845337,564.4644985198975
2017-10-15,758.8539981842041,0.0,975.6499977111816,40.449000120162964,-217.4829978942871,-72.8789998292923,562.9249973297119
2017-10-16,559.6559925079346,-51.51799917221069,782.8339958190918,11.309999823570251,-219.23900079727173,-72.55499982833862,540.51149559021
2017-10-17,798.8969974517822,8.293000221252441,999.8529968261719,102.82599985599518,-196.1870002746582,-69.77999937534332,579.6210060119629
2017-10-18,792.3590068817139,0.0,1005.6980018615723,106.47400045394897,-207.4079990386963,-68.56399917602539,591.0524997711182
2017-10-19,526.4809989929199,-26.889999866485596,747.6920051574707,23.911999702453617,-212.05200052261353,-67.6329996585846,577.8649978637695
2017-10-20,423.27900218963623,-25.551000118255615,618.0079936981201,-20.29200005531311,-192.42699909210205,-57.55000042915344,604.6719970703125
2017-10-21,544.6579961776733,4.440000057220459,737.9620018005371,16.271999955177307,-188.131000995636,-50.56599962711334,589.7315006256104
2017-10-22,743.1879920959473,0.0,952.4360084533691,59.242000460624695,-205.39999961853027,-46.323999762535095,608.1879997253418
2017-10-23,729.8720054626465,22.03000020980835,932.0889987945557,59.15900015830994,-195.6359987258911,-41.84599983692169,587.7544956207275
2017-10-24,755.7549991607666,0.0,967.3129901885986,71.43900036811829,-206.01100158691406,-48.66400074958801,573.4705028533936
2017-10-25,760.9480018615723,17.758999824523926,965.9420051574707,71.75900042057037,-200.14700031280518,-49.31500017642975,582.0419998168945
2017-10-26,777.3669967651367,0.0,987.2270011901855,32.27400040626526,-203.5489993095398,-42.37899994850159,644.443998336792
2017-10-27,785.0729999542236,0.0,996.1029968261719,43.50699985027313,-208.9210000038147,-40.217000246047974,623.349494934082
2017-10-28,768.9069995880127,0.0,988.4910011291504,36.64199984073639,-212.290997505188,-47.84899985790253,618.9555015563965
2017-10-29,746.3689994812012,0.0,967.8470077514648,19.86300039291382,-224.09000205993652,-43.31699979305267,545.7859973907471
2017-10-30,734.1429996490479,-4.188000202178955,945.5429954528809,12.57200026512146,-205.58299827575684,-45.186999678611755,499.86249923706055
2017-10-31,747.8880157470703,0.0,971.4480285644531,43.104000091552734,-206.2320098876953,-34.031999588012695,390.0
2017-11-01,772.6750068664551,0.0,978.7040023803711,11.874000191688538,-202.18399810791016,-35.747000217437744,576.1079959869385
2017-11-02,770.8330135345459,0.0,983.1790046691895,19.48699986934662,-205.24399852752686,-37.87900006771088,601.5970001220703
2017-11-03,771.4179916381836,0.0,973.4530029296875,12.866999983787537,-197.6720004081726,-41.195000648498535,576.5495014190674
2017-11-04,775.7749977111816,0.0,969.507999420166,17.74500024318695,-186.3169984817505,-38.287999629974365,515.4634971618652
2017-11-05,804.3400020599365,0.0,1003.4199981689453,34.44499969482422,-196.2190022468567,-38.39399993419647,493.05399990081787
2017-11-06,793.7860012054443,0.0,984.0100021362305,31.226999878883362,-185.23000192642212,-38.060999631881714,562.705997467041
2017-11-07,783.9819984436035,0.0,986.8560028076172,31.25599992275238,-201.14099884033203,-44.158000111579895,555.6750030517578
2017-11-08,755.500997543335,4.355999946594238,963.7470016479492,32.94499957561493,-204.22000217437744,-34.53200018405914,618.7360038757324
2017-11-09,728.0269966125488,0.0,943.7490043640137,25.758999824523926,-208.7059988975525,-46.337000489234924,600.2779998779297
2017-11-10,797.2200031280518,4.188000202178955,996.2909927368164,42.70200037956238,-198.36600065231323,-39.87299978733063,586.875997543335
2017-11-11,771.4189987182617,0.0,1010.8990058898926,53.64099991321564,-202.9190001487732,-38.825000166893005,555.6760025024414
2017-11-12,794.2039947509766,0.0,994.2799987792969,47.93000030517578,-196.7669997215271,-41.151999950408936,568.8579998016357
2017-11-13,782.9789962768555,0.0,993.4489936828613,50.394999980926514,-208.53900051116943,-42.933000326156616,564.0239963531494
2017-11-14,711.4420032501221,-4.105000019073486,916.6520137786865,27.448999881744385,-200.1459994316101,-50.54700040817261,566.658504486084
2017-11-15,761.6180038452148,0.0,970.9029998779297,49.50800025463104,-206.61599969863892,-61.535000681877136,578.5249996185303
2017-11-16,771.2519969940186,0.0,989.2119979858398,62.93900001049042,-214.81599950790405,-56.097999691963196,535.2399978637695
2017-11-17,766.8129920959473,0.0,988.2209968566895,44.55200016498566,-214.92999744415283,-56.55699968338013,535.0170021057129
2017-11-18,848.1499977111816,0.0,1052.3129920959473,58.59600007534027,-200.89100074768066,-66.10200142860413,363.19299697875977
2017-11-19,872.8619937896729,4.105000019073486,1046.9270057678223,40.558000326156616,-171.5279984474182,-38.24900007247925,322.76299953460693
2017-11-20,883.3350028991699,0.0,1058.265007019043,45.11400008201599,-174.06600093841553,-42.779000878334045,386.26550102233887
2017-11-21,877.2189998626709,0.0,1069.0940055847168,33.15999984741211,-184.93199968338013,-52.044999599456794,353.5235004425049
2017-11-22,853.4259948730469,0.0,1040.517993927002,31.900000333786007,-181.7990002632141,-53.071998715400696,465.1475009918213
2017-11-23,793.7009983062744,0.0,986.1829986572266,12.89300000667572,-188.37499952316284,-56.61900019645691,425.5940008163452
2017-11-24,836.8430042266846,-5.193999767303467,1024.650001525879,20.855000019073486,-185.52900075912476,-50.67300009727478,388.9020004272461
2017-11-25,841.955005645752,0.0,1031.9150009155273,17.77299988269806,-185.40400075912476,-47.944000005722046,450.86499786376953
2017-11-26,853.5140056610107,0.0,1043.628002166748,26.02799952030182,-186.66899967193604,-49.385000467300415,490.19750213623047
2017-11-27,819.8350009918213,0.0,1018.2710037231445,20.34599995613098,-192.98200035095215,-54.49799931049347,478.1114978790283
2017-11-28,580.5139980316162,23.872999668121338,766.5900020599365,91.83700048923492,-182.9180006980896,-48.77899992465973,488.4395008087158
2017-11-29,615.1079988479614,43.22599983215332,805.8099975585938,118.72100019454956,-187.86500215530396,-53.78399991989136,439.6585006713867
2017-11-30,902.3509998321533,41.80099964141846,1090.6459999084473,97.41199994087219,-184.496000289917,-48.63699996471405,358.3610010147095
2017-12-01,886.1799964904785,22.866999626159668,1083.1919975280762,94.75800025463104,-190.85800123214722,-50.05600023269653,346.9329996109009
2017-12-02,862.9789962768555,14.072999477386475,1060.5159950256348,90.86899983882904,-191.62700080871582,-54.80899977684021,344.7359981536865
2017-12-03,827.1250038146973,0.0,1027.3829956054688,80.52600026130676,-196.60600090026855,-66.66400110721588,393.0754985809326
2017-12-04,875.0419960021973,13.150999546051025,1064.911003112793,93.60500001907349,-187.78900003433228,-69.04699921607971,389.7795000076294
2017-12-05,854.0160045623779,0.0,1069.1220016479492,70.84800028800964,-213.9940013885498,-65.32200026512146,326.93800258636475
2017-12-06,619.2979984283447,-29.31999969482422,826.4479942321777,-4.692999720573425,-195.77499961853027,-57.61499881744385,275.7425022125244
2017-12-07,448.4940004348755,-150.1129994392395,649.8540019989014,-104.43499994277954,-194.22000122070312,-56.09899854660034,281.4545011520386
2017-12-08,516.5130033493042,-119.62100028991699,710.1649971008301,-81.328000664711,-195.70099925994873,-64.81400203704834,275.29949951171875
2017-12-09,824.028995513916,23.706000328063965,1022.5619964599609,84.65299999713898,-195.45500087738037,-69.06600069999695,249.59500217437744
2017-12-10,850.4960041046143,0.0,1047.434986114502,81.70400047302246,-191.9049997329712,-71.90400123596191,371.7619981765747
2017-12-11,856.0249900817871,0.0,1049.7140007019043,65.99500012397766,-191.39400100708008,-72.91400074958801,319.02849817276
2017-12-12,472.8710012435913,-80.75400018692017,674.4070014953613,-47.79600071907044,-196.01800060272217,-68.70199847221375,290.24450159072876
2017-12-13,533.3520002365112,-43.979000091552734,728.4980010986328,-16.08399999141693,-191.40400075912476,-68.95200109481812,278.59750175476074
2017-12-14,963.3330059051514,8.795000076293945,1160.5800018310547,80.87200009822845,-195.93499946594238,-71.5189995765686,244.54149866104126
2017-12-15,982.1800003051758,27.72599983215332,1177.7119903564453,81.3840000629425,-184.68800020217896,-66.26399803161621,300.7864980697632
2017-12-16,997.339994430542,4.105000019073486,1174.2230072021484,58.460999846458435,-172.6969985961914,-57.68199861049652,278.8174991607666
2017-12-17,989.6340026855469,4.775000095367432,1169.9109992980957,59.990999698638916,-177.16999912261963,-60.049999117851264,218.39400124549866
2017-12-18,1026.7450065612793,13.569999694824219,1213.22900390625,80.98100078105927,-183.99299955368042,-62.495999336242676,235.09300255775452
2017-12-19,939.4590034484863,-4.60699987411499,1131.4990005493164,27.233999729156494,-188.3119969367981,-56.939998626708984,279.9180006980896
2017-12-20,994.995002746582,0.0,1176.125991821289,38.65300011634827,-182.68299984931946,-48.26400005817413,284.9699969291687
2017-12-21,971.3720016479492,16.419000148773193,1141.4700012207031,52.11299955844879,-170.88999795913696,-38.842000246047974,307.38400077819824
2017-12-22,948.8390064239502,54.0310001373291,1108.7410011291504,108.26999998092651,-159.0470004081726,-41.386000752449036,394.3954973220825
2017-12-23,900.4219970703125,24.291999816894535,1073.9179916381836,85.02900004386902,-167.15899896621704,-43.86899924278259,434.8255033493042
2017-12-24,887.6030044555664,0.0,1056.7099990844727,9.060999870300293,-162.35100078582764,-45.090001821517944,389.7814998626709
2017-12-25,933.6780052185059,-4.775000095367432,1092.762996673584,20.07800006866455,-158.76900053024292,-42.751999378204346,294.8585000038147
2017-12-26,929.4069995880127,4.105000019073486,1103.7269973754883,25.33400011062622,-176.18000030517578,-49.2029994726181,331.55299711227417
2017-12-27,933.3420009613037,0.0,1083.087001800537,26.325000166893005,-143.76799869537354,-50.618000626564026,339.4615020751953
2017-12-28,946.5769996643066,0.0,1097.5079956054688,32.27500033378601,-142.2869997024536,-40.107999205589294,369.1299982070923
2017-12-29,907.7939929962158,0.0,1061.5340003967285,8.496999979019165,-147.83400011062622,-38.37899947166443,408.4570064544678
2017-12-30,921.1950035095215,-4.440000057220459,1094.4269943237305,-1.7150001525878906,-168.8949999809265,-53.680998682975776,376.59650135040283
2017-12-31,908.711975097656,0.0,1078.8719787597659,0.0,-162.98399734497065,-58.84799766540529,279.2519989013672
2018-01-01,906.8709983825684,0.0,1058.5330047607422,-5.172999978065491,-156.90299940109253,-32.85900032520294,334.84950160980225
2018-01-02,944.7349987030029,0.0,1093.4609985351562,5.897999882698059,-147.74600076675415,-24.241000056266785,403.62249755859375
2018-01-03,970.7900047302246,15.329999923706055,1091.7460021972656,17.639000177383423,-119.79499959945679,-38.488000988960266,247.61699867248535
2018-01-04,1153.985996246338,88.71199989318848,1184.4360046386719,76.90200018882751,-19.95799970626831,-3.9019999504089355,126.55100107192992
2018-01-05,1157.0029983520508,94.40700149536133,1203.9519996643066,89.88099956512451,-41.47299933433533,-10.618000030517578,181.92149925231934
2018-01-06,1138.4909973144531,70.61699962615967,1168.6529922485352,71.97199964523315,-22.762999892234802,-5.14900004863739,196.42049980163574
2018-01-07,1156.9209899902344,94.23799991607666,1184.9220008850098,84.1690001487732,-18.156999826431274,-3.8700000047683716,215.09999752044678
2018-01-08,1155.495994567871,89.96499872207642,1173.8239974975586,72.21599972248077,-9.57200026512146,0.0,191.14899969100952
2018-01-09,1108.9189987182617,81.25599956512451,1141.3350067138672,73.01700067520142,-22.70900011062622,0.0,241.90500164031982
2018-01-10,996.3330001831055,23.95800018310547,1009.8539962768555,25.438000202178955,-4.78600001335144,0.0,257.28399991989136
2018-01-11,1176.4369888305664,140.39499950408936,1202.5610046386719,101.05700087547302,-19.61599993705749,0.0,214.43800020217896
2018-01-12,1230.5499992370605,145.3420000076294,1227.436996459961,95.13400042057037,8.135999798774717,8.399999737739563,185.43349939584732
2018-01-13,1140.4200057983398,105.46299886703491,1154.3069915771484,75.514000415802,-4.531000137329101,0.0,167.6360009610653
2018-01-14,1168.1430015563965,136.95799922943115,1208.0820007324219,101.26900136470795,-33.861000061035156,-1.246999979019165,304.08599948883057
2018-01-15,1055.0570068359375,88.6259994506836,1096.7309875488281,82.88300013542175,-29.358999729156494,0.0,384.0684986114502
2018-01-16,1010.7439918518066,92.64900064468384,1098.7399978637695,94.11600017547607,-84.5970002412796,-14.444999933242798,389.3409996032715
2018-01-17,818.2430076599121,8.376999855041504,1036.6579971313477,59.025999546051025,-214.2709994316101,-45.682000398635864,363.63200092315674
2018-01-18,894.3060073852539,0.0,1153.0230026245117,35.57199954986572,-253.07000064849854,-51.83500015735626,319.46900272369385
2018-01-19,868.0059947967529,0.0,1112.946002960205,13.349999904632568,-239.13400220870975,-56.94199991226196,339.02499866485596
2018-01-20,995.9179916381836,0.0,1129.0029983520508,14.58299994468689,-129.4620007276535,-24.849000573158264,349.34950256347656
2018-01-21,906.3669948577881,-28.64799976348877,943.4539928436279,-49.21499979496002,-26.813000082969666,0.0,328.4750032424927
2018-01-22,645.4329986572266,-81.75699949264526,706.5459995269775,-111.18899917602539,-55.48599910736083,-5.041999936103821,295.95600032806396
2018-01-23,740.5909976959229,-27.143000602722168,802.7279968261719,-78.80800020694733,-55.76900017261505,0.0,242.78399753570557
2018-01-24,1102.553997039795,13.404000282287598,1161.9210090637207,21.47000014781952,-53.1370005607605,0.0,146.54399871826172
2018-01-25,1041.8229904174805,1.2569999694824219,1104.158000946045,-7.611999988555908,-57.7629998922348,0.0,56.23849964141846
2018-01-26,1036.8780059814453,0.0,1109.329990386963,-9.837000131607056,-70.1289998292923,-3.9980000257492065,101.94200015068054
2018-01-27,1058.6589965820312,15.162000179290771,1136.591007232666,20.692999720573425,-76.47499990463257,-16.42899990081787,69.63899952173233
2018-01-28,981.8450012207031,5.110000133514403,1054.3240051269531,1.0189996957778948,-69.2999997138977,-13.060999870300293,95.78350114822388
2018-01-29,1099.1190013885498,52.69000053405762,1179.9600067138672,52.379000306129456,-75.45299875736237,-26.398000240325928,110.94799983501434
2018-01-30,1024.985996246338,17.927000045776367,1112.652000427246,47.01800000667572,-83.01099956035614,-20.34000015258789,91.8299991460517
2018-01-31,1071.5519714355469,0.0,1168.9440307617188,69.47999954223633,-90.57599830627441,-29.92799949645996,73.59599876403809
2018-02-01,1075.9990005493164,45.65299987792969,1145.1970024108887,61.03499972820282,-61.557000398635864,-15.126000165939331,159.28800025302917
2018-02-02,1111.5169982910156,73.04600048065186,1166.8559951782227,72.58899939060211,-51.752999782562256,-6.587999939918518,224.32600021362305
2018-02-03,1128.6070022583008,81.33699941635132,1176.3960037231445,75.8329998254776,-38.551000237464905,0.0,178.40349984169006
2018-02-04,1090.4079933166504,42.72200059890747,1140.370002746582,52.248000502586365,-46.50599992275238,-1.2580000162124634,153.57450023014098
2018-02-05,1014.1779956817627,50.17499923706055,1066.976001739502,64.3069999217987,-42.6349995136261,-5.254999995231628,174.8900002539158
2018-02-06,748.8010025024414,-10.722000122070312,807.2290058135986,-35.223000168800354,-44.0829998254776,-7.450999975204468,183.89750146865845
2018-02-07,798.3939971923828,0.0,948.3339958190918,23.32099997997284,-141.91199946403503,-36.983999729156494,200.15650129318237
2018-02-08,452.26400089263916,-94.57299947738647,683.9770050048828,-67.60299968719482,-230.41400003433228,-64.99199867248535,225.4260015487671
2018-02-09,520.030999660492,-98.42600059509277,745.7629995346069,-54.04200029373169,-223.55500173568726,-64.99199867248535,279.69550228118896
2018-02-10,774.6849994659424,0.0,1013.6609954833984,18.227999806404114,-232.7110013961792,-63.23200035095215,293.53950119018555
2018-02-11,702.8149929046631,-16.334999561309814,934.3379993438721,-7.71999979019165,-231.03099870681763,-61.15200233459473,250.47250032424927
2018-02-12,693.0970001220703,-11.058000087738037,928.8720054626465,0.4830000400543213,-232.4169979095459,-61.15200233459473,257.0644989013672
2018-02-13,638.9809989929199,53.94800043106079,897.7270011901855,85.56399989128113,-258.9440002441406,-61.15200233459473,313.7570011615753
2018-02-14,594.6689968109131,91.89499998092651,861.2440032958984,165.98200082778928,-261.01599884033203,-62.559002161026,414.8289976119995
2018-02-15,568.6979999542236,53.191999435424805,832.0510063171387,134.2680003643036,-252.8910026550293,-88.78999900817873,344.2965021133423
2018-02-16,569.6219997406006,17.256000518798828,846.4490032196045,138.9329993724823,-268.0719995498657,-68.00599932670593,289.5850009918213
2018-02-17,559.4020004272461,17.17300033569336,830.4189910888672,143.007000207901,-263.91400241851807,-77.46899914741515,340.3410005569458
2018-02-18,589.3079948425293,54.03099966049194,858.2690029144287,150.4609990119934,-261.6520023345947,-65.76000022888184,294.638503074646
2018-02-19,601.2869968414307,57.13100051879883,865.0209980010986,155.15399932861328,-256.83000087738037,-66.51699995994568,250.9140043258667
2018-02-20,662.0189952850342,100.60500001907349,929.8389949798584,172.86999988555908,-261.24900341033936,-69.97499966621399,246.0774974822998
2018-02-21,629.012001991272,103.95699977874756,895.3670024871826,172.14599776268005,-255.89599990844727,-71.13599967956544,258.6019992828369
2018-02-22,610.0829963684082,82.34499979019165,887.2199974060059,160.43300104141235,-266.3769998550415,-68.78299975395203,340.56149768829346
2018-02-23,614.1880035400391,85.86200046539307,886.7089996337891,171.55799913406372,-266.1700038909912,-66.10400009155273,384.94550228118896
2018-02-24,592.6579990386963,77.48500061035156,865.2089977264404,161.34499979019165,-265.04300117492676,-69.280002117157,434.38399600982666
2018-02-25,655.484001159668,92.90000057220459,928.6060009002686,169.09099864959717,-268.39899730682373,-68.17500138282777,427.7929973602295
2018-02-26,585.0349960327148,58.1370005607605,850.4119987487793,150.38000059127808,-260.0469970703125,-68.2479991912842,428.89199924468994
2018-02-27,638.3979988098145,110.65800094604492,885.796989440918,174.98899841308594,-245.61400318145752,-62.83199930191041,480.08799934387207
2018-02-28,682.6250019073486,132.52299976348877,927.4789962768555,182.57399988174436,-238.5270004272461,-58.798001527786255,399.44700050354004
2018-03-01,646.6879978179932,116.69000053405762,891.1039943695068,174.50399923324585,-236.2230019569397,-61.75899934768677,391.0994997024536
2018-03-02,695.1069927215576,120.79399967193604,930.05299949646,173.1119990348816,-227.4290008544922,-61.64199876785278,321.6659984588623
2018-03-03,726.3529949188232,159.66000080108643,962.1650047302246,192.33399963378906,-229.83799982070923,-50.72399973869324,475.4720001220703
2018-03-04,698.959997177124,154.2999987602234,932.4129981994629,192.33199882507324,-227.524001121521,-56.821999073028564,595.225998878479
2018-03-05,581.0169992446899,88.12399959564209,825.1090068817139,160.80499958992004,-239.9779987335205,-50.68799901008606,372.6419973373413
2018-03-06,742.1839962005615,134.45100021362305,1014.1430015563965,180.59200072288513,-264.5089998245239,-57.110000252723694,338.8030004501343
2018-03-07,826.7050018310547,140.39499950408936,1074.295009613037,173.93999934196472,-241.8219976425171,-59.152000308036804,265.41249656677246
2018-03-08,793.4489994049072,112.58400011062622,1045.7749977111816,165.0690016746521,-248.77099800109863,-57.16600060462952,354.8424997329712
2018-03-09,779.2080020904541,138.05100011825562,1030.9209938049316,169.43799877166748,-238.94500064849854,-46.451000332832336,377.4764986038208
2018-03-10,769.4929943084717,120.03899908065796,1013.4449996948242,162.55099868774414,-239.68000173568726,-50.62100052833557,453.2814998626709
2018-03-11,687.8190011978149,68.1870002746582,934.5020027160645,129.0970001220703,-241.63800048828125,-52.944000124931335,541.8315010070801
2018-03-12,574.3949966430664,40.879000186920166,831.7820053100586,112.02100133895874,-254.8259997367859,-48.7249995470047,622.2509994506836
2018-03-13,714.1230030059814,136.54300022125244,970.4750022888184,177.13200092315674,-250.46899890899658,-44.89399981498718,664.6589965820312
2018-03-14,698.7909965515137,130.92900037765503,953.1600036621094,173.99300050735474,-250.90399885177612,-47.925999879837036,616.9804973602295
2018-03-15,687.8179988861084,138.30199909210205,953.8830108642578,178.096999168396,-261.8660011291504,-51.913999795913696,620.0554990768433
2018-03-16,687.4829959869385,109.06499910354614,971.8139953613281,177.1060004234314,-276.7810001373291,-62.66900086402893,328.69550132751465
2018-03-17,695.0229969024658,100.26999998092651,972.915002822876,164.77699851989746,-271.84400177001953,-59.52699875831605,413.29199981689453
2018-03-18,704.9080047607422,97.08600091934204,965.4099922180176,155.60900020599365,-254.8279995918274,-57.22399973869324,404.9394989013672
2018-03-19,746.4579944610596,108.0609998703003,1019.2350006103516,160.69899988174438,-274.1760025024414,-61.37400007247925,378.79349994659424
2018-03-20,812.7990036010742,126.23699951171875,1073.3309936523438,168.71399927139282,-249.64499950408936,-59.19499957561493,291.12049865722656
2018-03-21,793.6180000305176,151.7869997024536,1056.3889999389648,186.51399850845337,-258.3469982147217,-52.978999733924866,345.3965015411377
2018-03-22,728.363000869751,164.77199935913086,1000.0689964294434,205.0090012550354,-269.8409996032715,-57.231998920440674,436.58199977874756
2018-03-23,717.7250022888184,166.27699995040894,986.2640075683594,204.0460000038147,-269.5950002670288,-49.12799835205077,568.4184970855713
2018-03-24,643.6730041503906,153.2120008468628,914.7729911804199,193.75199913978577,-268.15599822998047,-52.61899924278259,631.481502532959
2018-03-25,692.9309959411621,171.55799770355225,956.2420082092285,199.21899938583374,-257.6120014190674,-53.5110000371933,640.9289989471436
2018-03-26,671.4850044250488,166.5290002822876,943.1360034942627,203.80399751663208,-267.54700088500977,-51.37299942970276,647.0809955596924
2018-03-27,690.8379955291748,181.02200031280518,965.8390045166016,214.98299980163574,-265.50100231170654,-53.993000626564026,691.902997970581
2018-03-28,618.2079944610596,150.36100006103516,897.9929962158203,195.86999940872192,-275.3730010986328,-50.34800124168395,749.4739952087402
2018-03-29,537.9579997062683,123.13799953460693,816.422004699707,177.29400062561035,-272.5140018463135,-49.653999447822564,749.0334968566895
2018-03-30,585.6229991912842,133.86200141906738,849.0430068969727,177.34600019454956,-260.01800060272217,-52.903998613357544,663.5590019226074
2018-03-31,562.9199981689452,112.58399963378906,818.976013183594,154.3920021057129,-253.05599212646484,-35.303998947143555,627.3000183105468
2018-04-01,594.8360023498535,142.0709991455078,839.2079963684082,176.86299896240232,-242.45200157165527,-45.113000512123115,781.9920043945312
2018-04-02,687.233003616333,164.01799964904785,922.466007232666,188.44099950790405,-236.77000093460083,-42.7279999256134,809.6765022277832
2018-04-03,571.632999420166,101.27700090408325,827.5479965209961,157.02799940109253,-248.62299919128418,-42.0279997587204,843.9555072784424
2018-04-04,486.4400005340576,59.72700023651122,734.3439979553223,134.11099910736084,-242.5570011138916,-48.25200080871582,523.8150062561035
2018-04-05,649.1200008392334,134.28199911117554,906.0350036621094,176.40800094604492,-255.06999969482422,-52.33799982070923,348.47050189971924
2018-04-06,598.6900024414062,108.73000049591064,854.754997253418,163.99900031089783,-250.74399948120117,-51.36400043964386,438.9984998703003
2018-04-07,710.0999984741211,177.08399963378906,962.7029991149902,208.3869981765747,-243.82600212097168,-46.10299873352051,466.6855058670044
2018-04-08,678.1889991760254,167.36700105667114,922.7879943847656,195.36100006103516,-239.31400299072266,-41.11800026893616,548.4215030670166
2018-04-09,689.4910011291504,174.32099866867065,943.9909934997559,210.31799745559692,-249.21900081634521,-42.430999994277954,683.3349990844727
2018-04-10,528.4049940109253,91.05699920654297,789.779993057251,158.82599997520447,-259.8919973373413,-53.40899956226349,778.1090049743652
2018-04-11,398.73799896240234,26.38599967956543,643.7409992218018,97.1170003414154,-245.46900081634521,-39.13700044155121,771.2970027923584
2018-04-12,442.0429992675781,36.85700035095215,698.9870052337646,112.69000029563904,-251.27499866485596,-46.558000326156616,608.9229984283447
2018-04-13,396.55999755859375,19.769999980926514,646.4209957122803,101.43299889564514,-245.5750026702881,-39.27600026130676,525.204999923706
2018-04-14,453.77099990844727,27.3919997215271,716.8129940032959,120.62400078773499,-260.5429992675781,-40.132999897003174,432.4819965362549
2018-04-15,362.6319971084595,4.105000019073486,622.9909992218018,83.875,-256.49099826812744,-46.55099976062775,573.5450029373169
2018-04-16,346.46399974823,24.963000297546387,618.1399917602539,97.65299987792969,-265.0089979171753,-47.21999979019165,528.0640020370483
2018-04-17,623.4869976043701,138.97200202941895,891.71999168396,175.95599842071533,-260.95699977874756,-41.540000200271606,618.5889949798584
2018-04-18,607.6510009765625,132.10199975967407,899.5749950408936,182.54900169372561,-289.03099822998047,-58.97999942302704,702.5244979858398
2018-04-19,625.326997756958,134.44500064849854,908.8750076293945,183.75500059127808,-278.6989984512329,-51.26200020313263,782.942497253418
2018-04-20,659.6729984283447,162.00700044631958,946.5630073547363,200.88400030136108,-280.17200088500977,-53.54400038719177,828.8669986724854
2018-04-21,672.9900035858154,184.29100036621094,939.9989929199219,216.88700437545776,-259.13700008392334,-43.481000542640686,766.4645004272461
2018-04-22,700.4679985046387,215.19999885559082,954.9839935302734,238.38400173187256,-249.1959981918335,-37.36500000953674,753.0625019073486
2018-04-23,663.8619995117188,157.31600046157837,924.0740089416504,200.39799880981445,-250.69500160217285,-45.41699981689453,575.9640007019043
2018-04-24,630.6039981842041,140.64699935913086,903.9990081787109,185.17600107192993,-266.99299812316895,-50.45800042152405,574.8639965057373
2018-04-25,653.4749965667725,172.2260012626648,931.607006072998,206.21599912643433,-274.4990005493164,-50.595998883247375,672.6410045623779
2018-04-26,646.3539981842041,177.1700005531311,920.5089988708496,207.61100006103516,-267.8479986190796,-43.22199988365173,713.2910003662109
2018-04-27,665.201997756958,192.0809998512268,931.2849998474121,215.4109983444214,-259.4399995803833,-40.525999546051025,771.2980060577393
2018-04-28,680.363000869751,211.42999982833862,947.1800117492676,235.2170000076294,-265.435998916626,-35.865999698638916,804.915994644165
2018-04-29,664.1959953308105,197.5229992866516,930.6959953308105,223.53299713134766,-266.89599990844727,-45.24100124835968,813.7060031890869
2018-04-30,653.3920040130615,175.91200160980225,909.8959999084473,202.03299951553342,-256.18199920654297,-31.52999997138977,853.9149951934814
2018-05-01,671.3169975280762,171.97499990463257,926.1920013427734,197.1019983291626,-251.89600372314453,-38.00700068473816,829.5265007019043
2018-05-02,680.6129989624023,185.5470004081726,949.9129867553711,209.75499963760376,-267.25,-45.76500165462494,779.2085132598877
2018-05-03,686.8969974517822,185.46100044250488,957.1809921264648,208.41199922561646,-269.46700048446655,-40.660999774932854,743.1740036010742
2018-05-04,668.0510025024414,181.024001121521,948.8189945220947,208.44099950790405,-272.17799854278564,-40.182000756263726,759.8734970092773
2018-05-05,689.7460079193115,188.22700119018555,962.0319976806641,215.8090000152588,-267.11100006103516,-44.195998668670654,680.5509967803955
2018-05-06,696.6150016784668,176.41699934005737,966.882999420166,210.88000011444092,-264.4670000076294,-44.898998856544495,703.185001373291
2018-05-07,651.129997253418,164.43599939346313,941.2579956054688,203.99200057983398,-282.9640007019043,-57.92699992656708,639.2455024719238
2018-05-08,637.2229957580566,171.97600173950195,915.2529983520508,203.9919991493225,-269.7110013961792,-41.13800048828125,758.9934978485107
2018-05-09,649.116003036499,177.58799982070923,942.6769981384277,220.01999807357788,-294.5509977340698,-59.91100096702576,744.2720012664795
2018-05-10,647.862003326416,176.9180006980896,931.8489875793457,212.91900062561035,-277.4930028915405,-44.223999977111816,705.6000022888184
2018-05-11,696.1110000610352,197.10599946975708,965.9989967346191,222.4869966506958,-263.36499786376953,-41.63300061225891,737.2414951324463
2018-05-12,682.455997467041,186.04899978637695,951.3630142211914,217.12599992752075,-261.886999130249,-46.228999376297,724.2765083312988
2018-05-13,674.5859966278076,180.01500034332275,943.7479972839355,212.48999977111816,-263.79699897766113,-44.504000186920166,832.6040019989014
2018-05-14,738.9979991912842,214.028000831604,1008.9160003662109,240.3400001525879,-259.62500190734863,-44.96000039577484,923.5675067901611
2018-05-15,817.0720138549805,228.1840009689331,1079.4420013427734,250.7930006980896,-252.75000095367432,-37.99600064754486,1016.7325057983398
2018-05-16,862.2230052947998,234.38399982452393,1121.9270095825195,255.21799898147583,-256.08400201797485,-48.41199946403503,1063.0965042114258
2018-05-17,778.5409889221191,211.93199920654297,1030.6000022888184,228.81199741363525,-245.89300060272217,-35.14999961853027,900.0590076446533
2018-05-18,823.3530044555664,239.32499980926514,1086.7880020141602,261.6480007171631,-259.71099758148193,-47.370999217033386,887.8015041351318
2018-05-19,701.7239933013916,194.17399835586548,970.4490013122559,222.80899858474731,-264.5500020980835,-54.28499948978424,729.4024963378906
2018-05-20,700.5509967803955,182.19300031661987,958.6519889831543,206.42999696731567,-249.9739999771118,-37.024001121520996,677.988000869751
2018-05-21,603.6340026855469,186.04999923706055,858.668004989624,213.9899983406067,-251.88600254058838,-36.0460000038147,661.507999420166
2018-05-22,498.58699798583984,145.9229998588562,766.3500022888184,193.67199897766113,-265.11099910736084,-42.2709995508194,663.2665061950684
2018-05-23,532.4279975891113,188.39199876785278,816.9069919586182,229.3189992904663,-280.27900218963623,-59.16899895668029,766.9774971008301
2018-05-24,639.0649929046631,212.34999990463257,903.4850063323975,240.76899814605713,-259.14200019836426,-42.83799982070923,753.3549995422363
2018-05-25,670.4799957275391,198.11099910736084,944.9810066223145,232.19299936294556,-270.0009984970093,-47.715999722480774,724.1285018920898
2018-05-26,671.4820041656494,178.92799949645996,941.0190010070801,212.78300046920776,-259.10599994659424,-52.66600143909454,717.7585029602051
2018-05-27,676.2590026855469,169.04299926757812,930.1319961547852,192.43899869918823,-248.38500118255615,-40.04600012302399,794.222505569458
2018-05-28,677.1790037155151,183.0319995880127,926.1669921875,206.9400019645691,-245.9469985961914,-34.45300054550171,829.5990009307861
2018-05-29,697.1179962158203,205.14400053024292,951.4419898986816,225.9989995956421,-248.95599937438965,-36.14099967479706,836.189998626709
2018-05-30,692.3429946899414,199.5329999923706,954.1770057678223,222.41000318527222,-256.011999130249,-43.161999106407166,844.5405025482178
2018-05-31,691.5839996337891,215.11200714111328,953.4240417480469,235.46399688720697,-255.0959930419922,-60.88799858093262,810.6959838867188
2018-06-01,632.7799997329712,176.58399963378906,924.9860153198242,221.55000114440918,-288.0279998779297,-53.13200068473816,818.7360000610352
2018-06-02,667.128999710083,192.24700021743774,935.7870063781738,220.29099941253662,-264.9469995498657,-46.567998766899116,822.2785015106201
2018-06-03,670.3109970092773,181.0209984779358,933.374002456665,211.76699924468994,-261.48200130462646,-41.294999957084656,855.4545021057129
2018-06-04,661.4280033111572,190.15299892425537,924.9610023498535,220.31599807739258,-260.8960027694702,-48.551000475883484,855.4539985656738
2018-06-05,599.8589992523193,141.5669994354248,864.3240146636963,192.65299940109253,-260.45799827575684,-50.492000579833984,830.846508026123
2018-06-06,715.5459957122803,190.23600053787231,986.3990020751953,221.41600131988525,-265.4010000228882,-51.13799858093262,877.647497177124
2018-06-07,746.7919940948486,197.44100046157837,1029.928997039795,230.6919984817505,-279.74499702453613,-60.738001704216,951.4739952087402
2018-06-08,692.5950012207031,178.25500011444092,974.2549896240234,214.60699796676636,-275.76999950408936,-60.67999804019928,920.4944839477539
2018-06-09,661.8499927520752,184.62499952316284,942.4349937438965,221.1479983329773,-276.8760042190552,-57.90800106525421,741.8535099029541
2018-06-10,680.4459934234619,199.11700010299683,944.5800018310547,228.6540002822876,-260.8929967880249,-54.32200062274933,788.2160053253174
2018-06-11,695.1920013427734,202.30000114440918,960.5290031433105,232.1139998435974,-256.55499935150146,-47.660000562667854,885.7759952545166
2018-06-12,791.8579959869385,234.2129988670349,1051.9379997253418,257.97800064086914,-252.22399997711182,-45.75399994850159,969.9309997558594
2018-06-13,827.6270027160645,249.71199989318848,1085.5269927978516,270.90099811553955,-252.03600072860718,-44.165000915527344,975.2039947509766
2018-06-14,816.1490020751953,230.36100006103516,1083.9959983825684,255.2170000076294,-260.85200023651123,-51.97700083255768,984.6534957885742
2018-06-15,939.2879962921143,279.871000289917,1206.0989990234375,296.17500019073486,-265.6729984283447,-56.683998465538025,981.1380004882812
2018-06-16,891.7949924468994,267.8059992790222,1142.1669960021973,280.2009983062744,-247.29199981689453,-37.168999433517456,923.1294975280762
2018-06-17,802.3299980163574,223.6609992980957,1065.4490089416504,243.3450002670288,-262.7690029144287,-41.39600110054016,922.2515029907227
2018-06-18,808.7799968719482,208.8330020904541,1071.7209930419922,233.9630012512207,-262.59999656677246,-49.868998408317566,985.5334968566895
2018-06-19,866.5810012817383,232.62500190734863,1137.2630081176758,262.05399799346924,-264.2549991607666,-59.84900176525116,889.732988357544
2018-06-20,728.5309963226318,207.74500131607056,990.1780090332031,235.91699934005737,-259.40899753570557,-44.48099982738495,847.5454998016357
2018-06-21,764.4669952392578,238.74000072479248,1029.6919975280762,263.57900047302246,-260.72299909591675,-42.24900031089783,881.8950023651123
2018-06-22,720.6560001373291,231.70399951934814,985.567008972168,257.14699935913086,-258.70699882507324,-38.44499945640564,732.9220027923584
2018-06-23,719.5649967193604,236.8960018157959,994.0879974365234,260.2550001144409,-267.39400005340576,-44.605000019073486,780.1625022888184
2018-06-24,767.7349987030029,236.05799865722656,1026.3399963378906,252.74999952316284,-257.6540012359619,-36.48300063610077,844.319507598877
2018-06-25,846.2209968566895,262.4459991455078,1088.5799980163574,265.4560022354126,-239.72899723052979,-29.25400006771088,1000.9364967346191
2018-06-26,743.6070041656494,214.95000076293945,954.1780014038086,224.28400039672852,-207.13400268554688,-27.932999968528748,875.5624923706055
